Receiver;sa
Date/Time;10-02-2021 01-54-13 P. M.
RFUnit;dB
Owner;s
ScanCity;col
ScanComment;
ScanCountry;colm
ScanDescription;nada
ScanInteriorExterior;Indoor with low isolation
ScanLatitude;
ScanLongitude;
ScanName;Scan
ScanPostalCode;20123

Frequency Range [kHz];470200;713800;25
Frequency;RF level (%);RF level
470200;;47
470225;;47
470250;;47
470275;;47
470300;;47
470325;;47
470350;;47
470375;;47
470400;;47
470425;;47
470450;;47
470475;;47
470500;;47
470525;;47
470550;;47
470575;;47
470600;;47
470625;;47
470650;;47
470675;;47
470700;;47
470725;;47
470750;;47
470775;;47
470800;;47
470825;;47
470850;;47
470875;;47
470900;;47
470925;;47
470950;;47
470975;;47
471000;;47
471025;;47
471050;;47
471075;;47
471100;;47
471125;;47
471150;;47
471175;;47
471200;;47
471225;;47
471250;;47
471275;;47
471300;;47
471325;;47
471350;;47
471375;;47
471400;;46
471425;;47
471450;;47
471475;;47
471500;;47
471525;;47
471550;;47
471575;;47
471600;;47
471625;;47
471650;;47
471675;;47
471700;;47
471725;;47
471750;;47
471775;;47
471800;;47
471825;;47
471850;;47
471875;;47
471900;;47
471925;;47
471950;;47
471975;;47
472000;;47
472025;;47
472050;;47
472075;;47
472100;;47
472125;;47
472150;;47
472175;;47
472200;;47
472225;;47
472250;;47
472275;;47
472300;;47
472325;;47
472350;;47
472375;;47
472400;;47
472425;;47
472450;;47
472475;;47
472500;;47
472525;;47
472550;;47
472575;;47
472600;;47
472625;;47
472650;;47
472675;;47
472700;;47
472725;;47
472750;;47
472775;;47
472800;;47
472825;;47
472850;;47
472875;;47
472900;;47
472925;;47
472950;;47
472975;;47
473000;;47
473025;;47
473050;;47
473075;;47
473100;;47
473125;;47
473150;;47
473175;;47
473200;;47
473225;;47
473250;;47
473275;;47
473300;;47
473325;;47
473350;;47
473375;;47
473400;;47
473425;;47
473450;;47
473475;;47
473500;;47
473525;;47
473550;;47
473575;;47
473600;;47
473625;;47
473650;;47
473675;;47
473700;;47
473725;;47
473750;;47
473775;;47
473800;;47
473825;;47
473850;;47
473875;;47
473900;;47
473925;;47
473950;;47
473975;;47
474000;;47
474025;;47
474050;;47
474075;;47
474100;;47
474125;;47
474150;;47
474175;;47
474200;;47
474225;;46
474250;;46
474275;;46
474300;;46
474325;;46
474350;;46
474375;;46
474400;;47
474425;;47
474450;;47
474475;;47
474500;;47
474525;;47
474550;;47
474575;;47
474600;;47
474625;;47
474650;;47
474675;;47
474700;;47
474725;;47
474750;;47
474775;;47
474800;;47
474825;;47
474850;;47
474875;;47
474900;;47
474925;;47
474950;;47
474975;;47
475000;;47
475025;;47
475050;;47
475075;;47
475100;;47
475125;;47
475150;;47
475175;;47
475200;;47
475225;;47
475250;;47
475275;;47
475300;;47
475325;;47
475350;;47
475375;;47
475400;;47
475425;;47
475450;;47
475475;;47
475500;;47
475525;;47
475550;;47
475575;;47
475600;;47
475625;;47
475650;;47
475675;;46
475700;;46
475725;;46
475750;;46
475775;;46
475800;;45
475825;;45
475850;;45
475875;;44
475900;;43
475925;;41
475950;;39
475975;;34
476000;;22
476025;;33
476050;;38
476075;;40
476100;;42
476125;;44
476150;;45
476175;;46
476200;;46
476225;;46
476250;;46
476275;;46
476300;;46
476325;;46
476350;;46
476375;;46
476400;;46
476425;;46
476450;;46
476475;;47
476500;;47
476525;;47
476550;;47
476575;;47
476600;;47
476625;;47
476650;;47
476675;;47
476700;;47
476725;;47
476750;;47
476775;;47
476800;;47
476825;;47
476850;;47
476875;;47
476900;;47
476925;;47
476950;;47
476975;;47
477000;;47
477025;;47
477050;;47
477075;;47
477100;;47
477125;;47
477150;;47
477175;;47
477200;;47
477225;;47
477250;;47
477275;;47
477300;;47
477325;;47
477350;;47
477375;;47
477400;;47
477425;;47
477450;;47
477475;;47
477500;;47
477525;;47
477550;;47
477575;;47
477600;;47
477625;;47
477650;;47
477675;;47
477700;;47
477725;;47
477750;;47
477775;;47
477800;;47
477825;;47
477850;;47
477875;;47
477900;;47
477925;;47
477950;;47
477975;;47
478000;;47
478025;;47
478050;;47
478075;;47
478100;;47
478125;;47
478150;;47
478175;;47
478200;;47
478225;;47
478250;;47
478275;;47
478300;;47
478325;;47
478350;;47
478375;;47
478400;;47
478425;;47
478450;;47
478475;;47
478500;;47
478525;;47
478550;;47
478575;;47
478600;;47
478625;;47
478650;;47
478675;;47
478700;;47
478725;;47
478750;;47
478775;;47
478800;;47
478825;;47
478850;;47
478875;;47
478900;;47
478925;;47
478950;;47
478975;;47
479000;;47
479025;;47
479050;;47
479075;;47
479100;;47
479125;;47
479150;;47
479175;;47
479200;;47
479225;;47
479250;;47
479275;;47
479300;;47
479325;;47
479350;;47
479375;;47
479400;;47
479425;;47
479450;;47
479475;;47
479500;;47
479525;;47
479550;;47
479575;;47
479600;;47
479625;;47
479650;;47
479675;;47
479700;;47
479725;;47
479750;;47
479775;;47
479800;;47
479825;;47
479850;;47
479875;;47
479900;;47
479925;;47
479950;;47
479975;;47
480000;;47
480025;;47
480050;;47
480075;;47
480100;;47
480125;;47
480150;;47
480175;;47
480200;;47
480225;;47
480250;;47
480275;;47
480300;;47
480325;;47
480350;;47
480375;;47
480400;;47
480425;;47
480450;;47
480475;;47
480500;;47
480525;;47
480550;;47
480575;;47
480600;;47
480625;;47
480650;;47
480675;;47
480700;;47
480725;;47
480750;;47
480775;;47
480800;;47
480825;;47
480850;;47
480875;;47
480900;;47
480925;;47
480950;;47
480975;;47
481000;;47
481025;;47
481050;;47
481075;;47
481100;;47
481125;;47
481150;;47
481175;;47
481200;;47
481225;;47
481250;;47
481275;;47
481300;;47
481325;;47
481350;;47
481375;;47
481400;;47
481425;;47
481450;;47
481475;;47
481500;;47
481525;;47
481550;;47
481575;;47
481600;;47
481625;;47
481650;;47
481675;;47
481700;;47
481725;;47
481750;;47
481775;;47
481800;;47
481825;;47
481850;;47
481875;;47
481900;;47
481925;;46
481950;;43
481975;;38
482000;;29
482025;;42
482050;;44
482075;;47
482100;;47
482125;;47
482150;;47
482175;;47
482200;;47
482225;;47
482250;;47
482275;;47
482300;;47
482325;;47
482350;;47
482375;;47
482400;;47
482425;;47
482450;;47
482475;;47
482500;;47
482525;;47
482550;;47
482575;;47
482600;;47
482625;;47
482650;;47
482675;;47
482700;;47
482725;;47
482750;;47
482775;;47
482800;;47
482825;;47
482850;;47
482875;;47
482900;;47
482925;;47
482950;;47
482975;;47
483000;;47
483025;;47
483050;;47
483075;;47
483100;;47
483125;;47
483150;;47
483175;;47
483200;;47
483225;;47
483250;;47
483275;;47
483300;;47
483325;;47
483350;;47
483375;;47
483400;;47
483425;;47
483450;;47
483475;;47
483500;;47
483525;;47
483550;;47
483575;;47
483600;;47
483625;;47
483650;;47
483675;;47
483700;;47
483725;;47
483750;;47
483775;;47
483800;;47
483825;;47
483850;;47
483875;;47
483900;;47
483925;;47
483950;;47
483975;;47
484000;;47
484025;;47
484050;;47
484075;;47
484100;;47
484125;;47
484150;;47
484175;;47
484200;;47
484225;;47
484250;;47
484275;;47
484300;;47
484325;;47
484350;;47
484375;;47
484400;;47
484425;;47
484450;;47
484475;;47
484500;;47
484525;;47
484550;;47
484575;;47
484600;;47
484625;;47
484650;;47
484675;;47
484700;;47
484725;;47
484750;;47
484775;;47
484800;;47
484825;;47
484850;;47
484875;;47
484900;;47
484925;;47
484950;;47
484975;;47
485000;;47
485025;;47
485050;;47
485075;;47
485100;;47
485125;;47
485150;;47
485175;;47
485200;;47
485225;;47
485250;;47
485275;;47
485300;;47
485325;;47
485350;;47
485375;;47
485400;;47
485425;;47
485450;;47
485475;;47
485500;;47
485525;;47
485550;;47
485575;;47
485600;;47
485625;;47
485650;;47
485675;;47
485700;;47
485725;;47
485750;;47
485775;;47
485800;;47
485825;;47
485850;;47
485875;;47
485900;;47
485925;;47
485950;;47
485975;;47
486000;;47
486025;;47
486050;;47
486075;;47
486100;;47
486125;;47
486150;;47
486175;;47
486200;;47
486225;;47
486250;;47
486275;;47
486300;;47
486325;;47
486350;;47
486375;;47
486400;;47
486425;;47
486450;;47
486475;;47
486500;;47
486525;;47
486550;;47
486575;;47
486600;;47
486625;;47
486650;;47
486675;;47
486700;;47
486725;;47
486750;;47
486775;;47
486800;;47
486825;;47
486850;;47
486875;;47
486900;;47
486925;;47
486950;;47
486975;;47
487000;;47
487025;;47
487050;;47
487075;;47
487100;;47
487125;;47
487150;;47
487175;;47
487200;;47
487225;;47
487250;;47
487275;;47
487300;;47
487325;;47
487350;;47
487375;;47
487400;;47
487425;;47
487450;;47
487475;;47
487500;;47
487525;;47
487550;;47
487575;;47
487600;;47
487625;;47
487650;;47
487675;;47
487700;;47
487725;;47
487750;;47
487775;;47
487800;;47
487825;;47
487850;;47
487875;;47
487900;;47
487925;;45
487950;;44
487975;;39
488000;;25
488025;;15
488050;;12
488075;;11
488100;;10
488125;;9
488150;;7
488175;;6
488200;;4
488225;;3
488250;;2
488275;;2
488300;;2
488325;;2
488350;;2
488375;;2
488400;;2
488425;;2
488450;;3
488475;;3
488500;;3
488525;;2
488550;;2
488575;;2
488600;;2
488625;;2
488650;;2
488675;;2
488700;;2
488725;;2
488750;;2
488775;;2
488800;;2
488825;;2
488850;;2
488875;;2
488900;;2
488925;;2
488950;;2
488975;;2
489000;;2
489025;;2
489050;;2
489075;;1
489100;;2
489125;;2
489150;;2
489175;;2
489200;;2
489225;;3
489250;;2
489275;;2
489300;;2
489325;;2
489350;;2
489375;;2
489400;;2
489425;;2
489450;;1
489475;;2
489500;;2
489525;;2
489550;;2
489575;;2
489600;;2
489625;;2
489650;;2
489675;;2
489700;;2
489725;;3
489750;;2
489775;;2
489800;;2
489825;;2
489850;;2
489875;;2
489900;;2
489925;;2
489950;;2
489975;;2
490000;;2
490025;;3
490050;;2
490075;;2
490100;;2
490125;;2
490150;;2
490175;;2
490200;;4
490225;;2
490250;;3
490275;;2
490300;;2
490325;;3
490350;;2
490375;;2
490400;;2
490425;;2
490450;;2
490475;;8
490500;;2
490525;;2
490550;;2
490575;;2
490600;;2
490625;;2
490650;;9
490675;;2
490700;;3
490725;;2
490750;;2
490775;;2
490800;;2
490825;;2
490850;;2
490875;;2
490900;;2
490925;;2
490950;;2
490975;;4
491000;;2
491025;;2
491050;;2
491075;;2
491100;;2
491125;;3
491150;;6
491175;;2
491200;;2
491225;;2
491250;;2
491275;;2
491300;;3
491325;;3
491350;;2
491375;;2
491400;;2
491425;;2
491450;;3
491475;;3
491500;;3
491525;;3
491550;;2
491575;;3
491600;;2
491625;;2
491650;;2
491675;;2
491700;;2
491725;;2
491750;;2
491775;;3
491800;;2
491825;;3
491850;;2
491875;;3
491900;;2
491925;;3
491950;;2
491975;;2
492000;;2
492025;;2
492050;;2
492075;;2
492100;;2
492125;;3
492150;;3
492175;;2
492200;;2
492225;;2
492250;;3
492275;;2
492300;;2
492325;;3
492350;;2
492375;;3
492400;;2
492425;;4
492450;;3
492475;;3
492500;;2
492525;;3
492550;;2
492575;;3
492600;;2
492625;;3
492650;;2
492675;;3
492700;;2
492725;;3
492750;;2
492775;;3
492800;;2
492825;;3
492850;;3
492875;;3
492900;;3
492925;;3
492950;;3
492975;;3
493000;;2
493025;;3
493050;;4
493075;;3
493100;;3
493125;;3
493150;;2
493175;;4
493200;;4
493225;;3
493250;;4
493275;;3
493300;;4
493325;;3
493350;;4
493375;;3
493400;;4
493425;;2
493450;;3
493475;;3
493500;;3
493525;;4
493550;;4
493575;;4
493600;;5
493625;;4
493650;;4
493675;;4
493700;;5
493725;;3
493750;;4
493775;;3
493800;;6
493825;;5
493850;;6
493875;;6
493900;;6
493925;;7
493950;;9
493975;;12
494000;;18
494025;;37
494050;;40
494075;;43
494100;;44
494125;;45
494150;;45
494175;;46
494200;;47
494225;;47
494250;;47
494275;;47
494300;;47
494325;;47
494350;;47
494375;;47
494400;;47
494425;;47
494450;;47
494475;;47
494500;;47
494525;;47
494550;;47
494575;;47
494600;;47
494625;;47
494650;;47
494675;;47
494700;;47
494725;;47
494750;;47
494775;;47
494800;;47
494825;;47
494850;;47
494875;;47
494900;;47
494925;;47
494950;;47
494975;;47
495000;;47
495025;;47
495050;;47
495075;;47
495100;;47
495125;;47
495150;;47
495175;;47
495200;;47
495225;;47
495250;;47
495275;;47
495300;;47
495325;;47
495350;;47
495375;;47
495400;;47
495425;;47
495450;;47
495475;;47
495500;;47
495525;;47
495550;;47
495575;;47
495600;;47
495625;;47
495650;;47
495675;;47
495700;;47
495725;;47
495750;;47
495775;;47
495800;;47
495825;;47
495850;;47
495875;;47
495900;;47
495925;;47
495950;;47
495975;;47
496000;;47
496025;;47
496050;;47
496075;;47
496100;;47
496125;;47
496150;;47
496175;;47
496200;;47
496225;;47
496250;;47
496275;;47
496300;;47
496325;;47
496350;;47
496375;;47
496400;;47
496425;;47
496450;;47
496475;;47
496500;;47
496525;;47
496550;;47
496575;;47
496600;;47
496625;;47
496650;;47
496675;;47
496700;;47
496725;;47
496750;;47
496775;;47
496800;;47
496825;;47
496850;;47
496875;;47
496900;;47
496925;;47
496950;;47
496975;;47
497000;;47
497025;;47
497050;;47
497075;;47
497100;;47
497125;;47
497150;;47
497175;;47
497200;;47
497225;;47
497250;;47
497275;;47
497300;;47
497325;;47
497350;;47
497375;;47
497400;;47
497425;;47
497450;;47
497475;;47
497500;;47
497525;;47
497550;;47
497575;;47
497600;;47
497625;;47
497650;;47
497675;;47
497700;;47
497725;;47
497750;;47
497775;;47
497800;;47
497825;;47
497850;;47
497875;;47
497900;;47
497925;;47
497950;;47
497975;;47
498000;;47
498025;;47
498050;;47
498075;;47
498100;;47
498125;;47
498150;;47
498175;;47
498200;;47
498225;;47
498250;;47
498275;;47
498300;;47
498325;;47
498350;;47
498375;;47
498400;;47
498425;;47
498450;;47
498475;;47
498500;;47
498525;;47
498550;;47
498575;;47
498600;;47
498625;;47
498650;;47
498675;;47
498700;;47
498725;;47
498750;;47
498775;;47
498800;;47
498825;;47
498850;;47
498875;;47
498900;;47
498925;;47
498950;;47
498975;;47
499000;;47
499025;;47
499050;;47
499075;;47
499100;;47
499125;;47
499150;;47
499175;;47
499200;;47
499225;;47
499250;;47
499275;;47
499300;;47
499325;;47
499350;;47
499375;;47
499400;;47
499425;;47
499450;;47
499475;;47
499500;;47
499525;;47
499550;;47
499575;;47
499600;;47
499625;;47
499650;;47
499675;;47
499700;;47
499725;;47
499750;;47
499775;;47
499800;;47
499825;;47
499850;;47
499875;;47
499900;;47
499925;;47
499950;;45
499975;;41
500000;;29
500025;;26
500050;;25
500075;;21
500100;;11
500125;;9
500150;;8
500175;;6
500200;;5
500225;;4
500250;;3
500275;;5
500300;;2
500325;;3
500350;;3
500375;;3
500400;;3
500425;;4
500450;;3
500475;;3
500500;;3
500525;;3
500550;;3
500575;;3
500600;;5
500625;;3
500650;;3
500675;;3
500700;;3
500725;;3
500750;;3
500775;;3
500800;;4
500825;;2
500850;;2
500875;;3
500900;;3
500925;;3
500950;;3
500975;;3
501000;;3
501025;;2
501050;;4
501075;;3
501100;;3
501125;;3
501150;;3
501175;;3
501200;;3
501225;;4
501250;;3
501275;;3
501300;;3
501325;;2
501350;;5
501375;;4
501400;;3
501425;;2
501450;;2
501475;;3
501500;;2
501525;;2
501550;;4
501575;;3
501600;;3
501625;;2
501650;;3
501675;;2
501700;;3
501725;;4
501750;;3
501775;;3
501800;;3
501825;;3
501850;;3
501875;;3
501900;;2
501925;;3
501950;;3
501975;;3
502000;;3
502025;;3
502050;;3
502075;;3
502100;;3
502125;;3
502150;;4
502175;;4
502200;;3
502225;;4
502250;;3
502275;;3
502300;;3
502325;;4
502350;;3
502375;;4
502400;;3
502425;;4
502450;;3
502475;;3
502500;;2
502525;;3
502550;;2
502575;;3
502600;;2
502625;;2
502650;;3
502675;;3
502700;;3
502725;;4
502750;;3
502775;;3
502800;;3
502825;;3
502850;;3
502875;;2
502900;;3
502925;;2
502950;;4
502975;;2
503000;;3
503025;;2
503050;;4
503075;;2
503100;;2
503125;;3
503150;;3
503175;;2
503200;;3
503225;;2
503250;;3
503275;;3
503300;;3
503325;;3
503350;;3
503375;;3
503400;;3
503425;;2
503450;;3
503475;;2
503500;;3
503525;;3
503550;;3
503575;;2
503600;;4
503625;;2
503650;;2
503675;;3
503700;;2
503725;;4
503750;;2
503775;;5
503800;;3
503825;;5
503850;;3
503875;;5
503900;;3
503925;;8
503950;;8
503975;;9
504000;;8
504025;;8
504050;;8
504075;;6
504100;;4
504125;;6
504150;;3
504175;;5
504200;;3
504225;;6
504250;;6
504275;;7
504300;;6
504325;;8
504350;;10
504375;;10
504400;;9
504425;;11
504450;;7
504475;;9
504500;;9
504525;;7
504550;;3
504575;;8
504600;;5
504625;;7
504650;;3
504675;;6
504700;;2
504725;;3
504750;;3
504775;;5
504800;;3
504825;;4
504850;;3
504875;;4
504900;;3
504925;;3
504950;;4
504975;;3
505000;;2
505025;;3
505050;;2
505075;;3
505100;;2
505125;;3
505150;;2
505175;;3
505200;;3
505225;;2
505250;;3
505275;;2
505300;;3
505325;;3
505350;;3
505375;;2
505400;;3
505425;;2
505450;;3
505475;;3
505500;;2
505525;;3
505550;;2
505575;;3
505600;;2
505625;;2
505650;;2
505675;;3
505700;;2
505725;;2
505750;;3
505775;;3
505800;;2
505825;;2
505850;;3
505875;;2
505900;;3
505925;;2
505950;;3
505975;;2
506000;;4
506025;;2
506050;;2
506075;;3
506100;;2
506125;;3
506150;;2
506175;;3
506200;;2
506225;;3
506250;;2
506275;;2
506300;;3
506325;;4
506350;;2
506375;;2
506400;;3
506425;;2
506450;;3
506475;;2
506500;;2
506525;;4
506550;;2
506575;;2
506600;;3
506625;;3
506650;;2
506675;;2
506700;;2
506725;;3
506750;;3
506775;;2
506800;;3
506825;;3
506850;;6
506875;;3
506900;;3
506925;;3
506950;;3
506975;;3
507000;;3
507025;;3
507050;;3
507075;;3
507100;;3
507125;;3
507150;;3
507175;;7
507200;;3
507225;;3
507250;;3
507275;;3
507300;;3
507325;;3
507350;;5
507375;;3
507400;;2
507425;;3
507450;;3
507475;;3
507500;;3
507525;;3
507550;;3
507575;;3
507600;;3
507625;;3
507650;;3
507675;;3
507700;;4
507725;;2
507750;;3
507775;;3
507800;;3
507825;;5
507850;;3
507875;;3
507900;;3
507925;;3
507950;;3
507975;;3
508000;;3
508025;;3
508050;;3
508075;;3
508100;;3
508125;;3
508150;;3
508175;;3
508200;;3
508225;;3
508250;;3
508275;;3
508300;;3
508325;;3
508350;;3
508375;;4
508400;;3
508425;;3
508450;;3
508475;;3
508500;;4
508525;;8
508550;;3
508575;;9
508600;;4
508625;;3
508650;;8
508675;;3
508700;;6
508725;;3
508750;;5
508775;;3
508800;;3
508825;;3
508850;;6
508875;;4
508900;;3
508925;;3
508950;;3
508975;;3
509000;;3
509025;;3
509050;;3
509075;;4
509100;;4
509125;;3
509150;;3
509175;;3
509200;;3
509225;;3
509250;;3
509275;;4
509300;;3
509325;;4
509350;;3
509375;;4
509400;;4
509425;;3
509450;;3
509475;;3
509500;;3
509525;;3
509550;;3
509575;;3
509600;;4
509625;;4
509650;;3
509675;;4
509700;;4
509725;;3
509750;;3
509775;;4
509800;;3
509825;;3
509850;;4
509875;;3
509900;;4
509925;;4
509950;;4
509975;;4
510000;;4
510025;;4
510050;;4
510075;;4
510100;;4
510125;;4
510150;;4
510175;;4
510200;;4
510225;;4
510250;;4
510275;;4
510300;;4
510325;;4
510350;;4
510375;;4
510400;;4
510425;;4
510450;;4
510475;;4
510500;;4
510525;;4
510550;;4
510575;;4
510600;;4
510625;;4
510650;;4
510675;;4
510700;;4
510725;;4
510750;;4
510775;;4
510800;;4
510825;;4
510850;;4
510875;;4
510900;;4
510925;;5
510950;;4
510975;;4
511000;;4
511025;;4
511050;;4
511075;;5
511100;;5
511125;;4
511150;;4
511175;;5
511200;;4
511225;;5
511250;;5
511275;;5
511300;;5
511325;;4
511350;;4
511375;;4
511400;;5
511425;;4
511450;;5
511475;;5
511500;;5
511525;;5
511550;;5
511575;;5
511600;;5
511625;;5
511650;;5
511675;;5
511700;;5
511725;;4
511750;;5
511775;;5
511800;;5
511825;;5
511850;;5
511875;;5
511900;;5
511925;;6
511950;;5
511975;;5
512000;;5
512025;;5
512050;;5
512075;;5
512100;;5
512125;;5
512150;;5
512175;;5
512200;;5
512225;;5
512250;;5
512275;;5
512300;;5
512325;;5
512350;;5
512375;;5
512400;;5
512425;;5
512450;;5
512475;;5
512500;;4
512525;;5
512550;;5
512575;;5
512600;;5
512625;;5
512650;;5
512675;;5
512700;;5
512725;;5
512750;;5
512775;;5
512800;;5
512825;;5
512850;;5
512875;;5
512900;;5
512925;;9
512950;;10
512975;;10
513000;;10
513025;;10
513050;;9
513075;;7
513100;;5
513125;;5
513150;;5
513175;;5
513200;;5
513225;;5
513250;;5
513275;;5
513300;;5
513325;;5
513350;;5
513375;;6
513400;;6
513425;;5
513450;;6
513475;;6
513500;;6
513525;;5
513550;;5
513575;;5
513600;;5
513625;;5
513650;;5
513675;;5
513700;;5
513725;;5
513750;;5
513775;;5
513800;;5
513825;;5
513850;;5
513875;;5
513900;;5
513925;;5
513950;;5
513975;;5
514000;;5
514025;;5
514050;;5
514075;;5
514100;;5
514125;;5
514150;;5
514175;;5
514200;;5
514225;;5
514250;;5
514275;;5
514300;;5
514325;;6
514350;;5
514375;;5
514400;;5
514425;;5
514450;;5
514475;;5
514500;;5
514525;;5
514550;;5
514575;;5
514600;;5
514625;;5
514650;;5
514675;;5
514700;;5
514725;;5
514750;;7
514775;;5
514800;;5
514825;;6
514850;;5
514875;;6
514900;;5
514925;;5
514950;;5
514975;;5
515000;;5
515025;;9
515050;;5
515075;;5
515100;;6
515125;;5
515150;;5
515175;;5
515200;;9
515225;;5
515250;;6
515275;;5
515300;;5
515325;;6
515350;;5
515375;;16
515400;;6
515425;;5
515450;;5
515475;;6
515500;;6
515525;;5
515550;;6
515575;;6
515600;;5
515625;;6
515650;;5
515675;;5
515700;;7
515725;;5
515750;;5
515775;;5
515800;;5
515825;;6
515850;;6
515875;;5
515900;;5
515925;;7
515950;;9
515975;;9
516000;;9
516025;;9
516050;;9
516075;;7
516100;;6
516125;;6
516150;;6
516175;;6
516200;;6
516225;;6
516250;;6
516275;;6
516300;;5
516325;;5
516350;;5
516375;;5
516400;;6
516425;;5
516450;;5
516475;;5
516500;;5
516525;;5
516550;;5
516575;;5
516600;;5
516625;;6
516650;;5
516675;;6
516700;;5
516725;;5
516750;;5
516775;;5
516800;;5
516825;;6
516850;;6
516875;;6
516900;;6
516925;;6
516950;;5
516975;;5
517000;;5
517025;;6
517050;;5
517075;;5
517100;;5
517125;;6
517150;;5
517175;;5
517200;;5
517225;;5
517250;;5
517275;;5
517300;;5
517325;;5
517350;;5
517375;;5
517400;;5
517425;;5
517450;;5
517475;;5
517500;;5
517525;;5
517550;;5
517575;;5
517600;;5
517625;;5
517650;;6
517675;;5
517700;;5
517725;;6
517750;;5
517775;;5
517800;;5
517825;;5
517850;;5
517875;;5
517900;;5
517925;;5
517950;;5
517975;;5
518000;;5
518025;;5
518050;;5
518075;;5
518100;;5
518125;;5
518150;;5
518175;;6
518200;;6
518225;;6
518250;;6
518275;;6
518300;;5
518325;;6
518350;;5
518375;;5
518400;;5
518425;;5
518450;;5
518475;;5
518500;;5
518525;;5
518550;;5
518575;;5
518600;;5
518625;;5
518650;;5
518675;;5
518700;;5
518725;;5
518750;;5
518775;;5
518800;;5
518825;;5
518850;;5
518875;;5
518900;;5
518925;;5
518950;;5
518975;;5
519000;;5
519025;;5
519050;;5
519075;;5
519100;;5
519125;;5
519150;;5
519175;;6
519200;;6
519225;;7
519250;;6
519275;;6
519300;;6
519325;;5
519350;;5
519375;;5
519400;;5
519425;;5
519450;;5
519475;;5
519500;;5
519525;;5
519550;;5
519575;;6
519600;;5
519625;;5
519650;;6
519675;;5
519700;;5
519725;;5
519750;;5
519775;;5
519800;;5
519825;;5
519850;;5
519875;;5
519900;;5
519925;;5
519950;;5
519975;;5
520000;;5
520025;;5
520050;;5
520075;;5
520100;;5
520125;;5
520150;;5
520175;;5
520200;;5
520225;;6
520250;;5
520275;;6
520300;;5
520325;;6
520350;;5
520375;;5
520400;;5
520425;;5
520450;;5
520475;;5
520500;;5
520525;;5
520550;;5
520575;;5
520600;;5
520625;;4
520650;;5
520675;;5
520700;;5
520725;;5
520750;;5
520775;;5
520800;;5
520825;;5
520850;;5
520875;;5
520900;;5
520925;;5
520950;;5
520975;;5
521000;;5
521025;;5
521050;;5
521075;;5
521100;;5
521125;;5
521150;;5
521175;;5
521200;;5
521225;;5
521250;;5
521275;;5
521300;;5
521325;;5
521350;;4
521375;;5
521400;;5
521425;;5
521450;;5
521475;;5
521500;;5
521525;;5
521550;;5
521575;;5
521600;;5
521625;;5
521650;;5
521675;;5
521700;;5
521725;;5
521750;;5
521775;;4
521800;;5
521825;;5
521850;;5
521875;;4
521900;;5
521925;;5
521950;;4
521975;;5
522000;;5
522025;;5
522050;;5
522075;;5
522100;;5
522125;;4
522150;;5
522175;;5
522200;;5
522225;;5
522250;;5
522275;;5
522300;;5
522325;;5
522350;;5
522375;;5
522400;;6
522425;;6
522450;;5
522475;;5
522500;;6
522525;;5
522550;;5
522575;;5
522600;;5
522625;;6
522650;;5
522675;;5
522700;;5
522725;;5
522750;;5
522775;;5
522800;;5
522825;;6
522850;;5
522875;;5
522900;;5
522925;;5
522950;;5
522975;;5
523000;;6
523025;;5
523050;;5
523075;;6
523100;;6
523125;;6
523150;;6
523175;;6
523200;;5
523225;;5
523250;;5
523275;;5
523300;;5
523325;;5
523350;;7
523375;;5
523400;;5
523425;;5
523450;;5
523475;;5
523500;;5
523525;;5
523550;;5
523575;;5
523600;;7
523625;;5
523650;;5
523675;;5
523700;;6
523725;;7
523750;;6
523775;;6
523800;;11
523825;;6
523850;;7
523875;;5
523900;;5
523925;;6
523950;;5
523975;;5
524000;;5
524025;;5
524050;;5
524075;;5
524100;;5
524125;;5
524150;;5
524175;;5
524200;;5
524225;;5
524250;;5
524275;;5
524300;;6
524325;;5
524350;;5
524375;;5
524400;;5
524425;;5
524450;;6
524475;;5
524500;;5
524525;;5
524550;;5
524575;;5
524600;;5
524625;;5
524650;;5
524675;;5
524700;;5
524725;;5
524750;;5
524775;;5
524800;;5
524825;;5
524850;;5
524875;;5
524900;;7
524925;;16
524950;;18
524975;;18
525000;;18
525025;;18
525050;;17
525075;;14
525100;;6
525125;;5
525150;;5
525175;;5
525200;;5
525225;;5
525250;;5
525275;;5
525300;;5
525325;;5
525350;;5
525375;;5
525400;;5
525425;;5
525450;;5
525475;;5
525500;;5
525525;;5
525550;;5
525575;;5
525600;;5
525625;;5
525650;;5
525675;;5
525700;;5
525725;;5
525750;;5
525775;;5
525800;;5
525825;;5
525850;;5
525875;;5
525900;;5
525925;;5
525950;;5
525975;;5
526000;;5
526025;;5
526050;;5
526075;;5
526100;;5
526125;;6
526150;;5
526175;;5
526200;;5
526225;;5
526250;;5
526275;;5
526300;;5
526325;;5
526350;;5
526375;;5
526400;;5
526425;;5
526450;;6
526475;;6
526500;;6
526525;;6
526550;;5
526575;;6
526600;;6
526625;;6
526650;;5
526675;;5
526700;;5
526725;;5
526750;;5
526775;;5
526800;;5
526825;;5
526850;;6
526875;;5
526900;;5
526925;;6
526950;;5
526975;;5
527000;;5
527025;;5
527050;;5
527075;;6
527100;;6
527125;;5
527150;;5
527175;;6
527200;;6
527225;;6
527250;;6
527275;;6
527300;;6
527325;;6
527350;;5
527375;;5
527400;;5
527425;;5
527450;;5
527475;;5
527500;;5
527525;;5
527550;;6
527575;;5
527600;;5
527625;;5
527650;;5
527675;;5
527700;;5
527725;;5
527750;;5
527775;;6
527800;;5
527825;;5
527850;;6
527875;;5
527900;;5
527925;;6
527950;;6
527975;;6
528000;;6
528025;;6
528050;;6
528075;;5
528100;;5
528125;;5
528150;;5
528175;;5
528200;;5
528225;;5
528250;;5
528275;;5
528300;;5
528325;;6
528350;;5
528375;;5
528400;;5
528425;;5
528450;;5
528475;;6
528500;;5
528525;;5
528550;;5
528575;;5
528600;;5
528625;;6
528650;;6
528675;;5
528700;;5
528725;;5
528750;;5
528775;;5
528800;;5
528825;;5
528850;;5
528875;;5
528900;;5
528925;;5
528950;;5
528975;;5
529000;;5
529025;;5
529050;;5
529075;;5
529100;;5
529125;;5
529150;;6
529175;;6
529200;;5
529225;;6
529250;;5
529275;;5
529300;;6
529325;;5
529350;;5
529375;;5
529400;;5
529425;;5
529450;;5
529475;;5
529500;;5
529525;;5
529550;;5
529575;;5
529600;;5
529625;;5
529650;;5
529675;;5
529700;;5
529725;;6
529750;;5
529775;;7
529800;;5
529825;;5
529850;;5
529875;;6
529900;;5
529925;;5
529950;;5
529975;;5
530000;;5
530025;;5
530050;;5
530075;;5
530100;;5
530125;;5
530150;;5
530175;;5
530200;;6
530225;;5
530250;;5
530275;;5
530300;;6
530325;;6
530350;;6
530375;;5
530400;;7
530425;;5
530450;;6
530475;;6
530500;;5
530525;;6
530550;;8
530575;;6
530600;;6
530625;;6
530650;;6
530675;;7
530700;;6
530725;;8
530750;;6
530775;;7
530800;;6
530825;;8
530850;;6
530875;;11
530900;;6
530925;;7
530950;;8
530975;;6
531000;;13
531025;;8
531050;;10
531075;;8
531100;;16
531125;;14
531150;;22
531175;;36
531200;;38
531225;;38
531250;;39
531275;;38
531300;;39
531325;;34
531350;;20
531375;;16
531400;;10
531425;;11
531450;;7
531475;;14
531500;;7
531525;;11
531550;;7
531575;;9
531600;;6
531625;;11
531650;;6
531675;;6
531700;;7
531725;;5
531750;;7
531775;;6
531800;;6
531825;;6
531850;;8
531875;;5
531900;;7
531925;;6
531950;;14
531975;;6
532000;;6
532025;;6
532050;;8
532075;;6
532100;;6
532125;;6
532150;;8
532175;;5
532200;;6
532225;;6
532250;;6
532275;;6
532300;;5
532325;;8
532350;;6
532375;;6
532400;;5
532425;;6
532450;;5
532475;;6
532500;;6
532525;;5
532550;;5
532575;;6
532600;;5
532625;;6
532650;;7
532675;;6
532700;;6
532725;;6
532750;;5
532775;;6
532800;;6
532825;;5
532850;;6
532875;;5
532900;;6
532925;;5
532950;;6
532975;;6
533000;;6
533025;;5
533050;;6
533075;;6
533100;;6
533125;;6
533150;;5
533175;;6
533200;;6
533225;;6
533250;;6
533275;;5
533300;;6
533325;;6
533350;;6
533375;;6
533400;;6
533425;;6
533450;;6
533475;;6
533500;;6
533525;;6
533550;;6
533575;;6
533600;;6
533625;;6
533650;;6
533675;;6
533700;;6
533725;;6
533750;;6
533775;;6
533800;;7
533825;;6
533850;;5
533875;;6
533900;;6
533925;;6
533950;;6
533975;;6
534000;;6
534025;;6
534050;;7
534075;;6
534100;;9
534125;;6
534150;;7
534175;;7
534200;;6
534225;;7
534250;;6
534275;;6
534300;;6
534325;;7
534350;;6
534375;;6
534400;;6
534425;;6
534450;;6
534475;;6
534500;;6
534525;;6
534550;;6
534575;;6
534600;;7
534625;;6
534650;;6
534675;;7
534700;;7
534725;;7
534750;;7
534775;;8
534800;;6
534825;;7
534850;;7
534875;;6
534900;;8
534925;;6
534950;;6
534975;;6
535000;;6
535025;;6
535050;;6
535075;;6
535100;;6
535125;;6
535150;;6
535175;;6
535200;;6
535225;;6
535250;;6
535275;;6
535300;;6
535325;;6
535350;;6
535375;;6
535400;;6
535425;;6
535450;;6
535475;;5
535500;;6
535525;;6
535550;;6
535575;;6
535600;;6
535625;;15
535650;;23
535675;;28
535700;;30
535725;;30
535750;;31
535775;;31
535800;;31
535825;;25
535850;;18
535875;;7
535900;;6
535925;;6
535950;;6
535975;;6
536000;;6
536025;;6
536050;;6
536075;;6
536100;;6
536125;;6
536150;;6
536175;;6
536200;;6
536225;;6
536250;;6
536275;;6
536300;;6
536325;;6
536350;;6
536375;;6
536400;;6
536425;;6
536450;;6
536475;;5
536500;;5
536525;;6
536550;;6
536575;;6
536600;;6
536625;;5
536650;;6
536675;;5
536700;;5
536725;;6
536750;;5
536775;;5
536800;;6
536825;;6
536850;;6
536875;;6
536900;;6
536925;;6
536950;;6
536975;;6
537000;;6
537025;;5
537050;;6
537075;;6
537100;;6
537125;;6
537150;;6
537175;;5
537200;;5
537225;;6
537250;;6
537275;;6
537300;;5
537325;;5
537350;;6
537375;;6
537400;;5
537425;;5
537450;;6
537475;;6
537500;;5
537525;;6
537550;;6
537575;;6
537600;;6
537625;;6
537650;;6
537675;;6
537700;;5
537725;;5
537750;;6
537775;;6
537800;;6
537825;;6
537850;;6
537875;;6
537900;;6
537925;;5
537950;;6
537975;;6
538000;;6
538025;;5
538050;;6
538075;;5
538100;;6
538125;;5
538150;;5
538175;;6
538200;;6
538225;;6
538250;;6
538275;;6
538300;;6
538325;;6
538350;;6
538375;;5
538400;;6
538425;;5
538450;;5
538475;;6
538500;;6
538525;;5
538550;;6
538575;;5
538600;;6
538625;;6
538650;;5
538675;;6
538700;;6
538725;;6
538750;;5
538775;;6
538800;;5
538825;;6
538850;;5
538875;;6
538900;;6
538925;;5
538950;;6
538975;;6
539000;;5
539025;;6
539050;;6
539075;;5
539100;;5
539125;;5
539150;;6
539175;;6
539200;;5
539225;;6
539250;;6
539275;;6
539300;;6
539325;;6
539350;;6
539375;;6
539400;;5
539425;;6
539450;;6
539475;;5
539500;;6
539525;;6
539550;;5
539575;;6
539600;;5
539625;;6
539650;;6
539675;;6
539700;;6
539725;;6
539750;;5
539775;;5
539800;;6
539825;;5
539850;;6
539875;;6
539900;;6
539925;;6
539950;;6
539975;;6
540000;;5
540025;;6
540050;;7
540075;;5
540100;;7
540125;;6
540150;;6
540175;;6
540200;;8
540225;;6
540250;;10
540275;;6
540300;;6
540325;;6
540350;;6
540375;;6
540400;;6
540425;;6
540450;;5
540475;;6
540500;;6
540525;;6
540550;;5
540575;;6
540600;;8
540625;;7
540650;;7
540675;;7
540700;;6
540725;;7
540750;;6
540775;;5
540800;;6
540825;;6
540850;;5
540875;;6
540900;;6
540925;;6
540950;;6
540975;;6
541000;;6
541025;;6
541050;;6
541075;;6
541100;;5
541125;;6
541150;;6
541175;;6
541200;;6
541225;;6
541250;;6
541275;;6
541300;;6
541325;;6
541350;;5
541375;;5
541400;;6
541425;;6
541450;;6
541475;;6
541500;;6
541525;;6
541550;;6
541575;;6
541600;;6
541625;;5
541650;;6
541675;;6
541700;;6
541725;;6
541750;;6
541775;;6
541800;;5
541825;;6
541850;;5
541875;;5
541900;;6
541925;;6
541950;;6
541975;;6
542000;;6
542025;;5
542050;;6
542075;;6
542100;;6
542125;;6
542150;;6
542175;;6
542200;;6
542225;;6
542250;;6
542275;;6
542300;;6
542325;;6
542350;;6
542375;;6
542400;;6
542425;;6
542450;;6
542475;;6
542500;;5
542525;;6
542550;;6
542575;;6
542600;;5
542625;;6
542650;;5
542675;;6
542700;;6
542725;;6
542750;;6
542775;;6
542800;;6
542825;;6
542850;;5
542875;;6
542900;;6
542925;;6
542950;;5
542975;;6
543000;;6
543025;;6
543050;;6
543075;;6
543100;;6
543125;;6
543150;;6
543175;;6
543200;;5
543225;;6
543250;;6
543275;;6
543300;;6
543325;;6
543350;;6
543375;;6
543400;;6
543425;;6
543450;;6
543475;;6
543500;;6
543525;;6
543550;;6
543575;;6
543600;;6
543625;;6
543650;;6
543675;;6
543700;;6
543725;;7
543750;;7
543775;;6
543800;;8
543825;;6
543850;;15
543875;;9
543900;;16
543925;;6
543950;;20
543975;;9
544000;;17
544025;;12
544050;;6
544075;;6
544100;;6
544125;;7
544150;;6
544175;;6
544200;;6
544225;;6
544250;;6
544275;;6
544300;;6
544325;;6
544350;;6
544375;;6
544400;;6
544425;;6
544450;;6
544475;;6
544500;;5
544525;;5
544550;;6
544575;;6
544600;;5
544625;;5
544650;;6
544675;;6
544700;;6
544725;;5
544750;;6
544775;;6
544800;;6
544825;;6
544850;;6
544875;;5
544900;;5
544925;;6
544950;;5
544975;;5
545000;;5
545025;;6
545050;;6
545075;;6
545100;;5
545125;;6
545150;;6
545175;;6
545200;;5
545225;;6
545250;;6
545275;;5
545300;;6
545325;;6
545350;;6
545375;;5
545400;;5
545425;;6
545450;;5
545475;;5
545500;;6
545525;;5
545550;;5
545575;;5
545600;;5
545625;;5
545650;;5
545675;;6
545700;;5
545725;;6
545750;;5
545775;;5
545800;;5
545825;;6
545850;;5
545875;;5
545900;;5
545925;;5
545950;;5
545975;;5
546000;;5
546025;;5
546050;;5
546075;;5
546100;;6
546125;;5
546150;;5
546175;;5
546200;;5
546225;;6
546250;;6
546275;;5
546300;;5
546325;;5
546350;;5
546375;;5
546400;;5
546425;;5
546450;;5
546475;;5
546500;;5
546525;;6
546550;;5
546575;;5
546600;;6
546625;;5
546650;;5
546675;;5
546700;;5
546725;;5
546750;;5
546775;;5
546800;;5
546825;;5
546850;;6
546875;;6
546900;;5
546925;;5
546950;;5
546975;;5
547000;;5
547025;;5
547050;;5
547075;;6
547100;;5
547125;;5
547150;;5
547175;;5
547200;;5
547225;;5
547250;;5
547275;;5
547300;;5
547325;;5
547350;;5
547375;;5
547400;;5
547425;;5
547450;;5
547475;;5
547500;;5
547525;;5
547550;;5
547575;;5
547600;;5
547625;;5
547650;;5
547675;;5
547700;;5
547725;;5
547750;;5
547775;;5
547800;;5
547825;;5
547850;;5
547875;;6
547900;;6
547925;;5
547950;;5
547975;;5
548000;;5
548025;;5
548050;;5
548075;;5
548100;;5
548125;;5
548150;;5
548175;;5
548200;;5
548225;;5
548250;;5
548275;;6
548300;;5
548325;;5
548350;;5
548375;;5
548400;;5
548425;;6
548450;;6
548475;;5
548500;;5
548525;;5
548550;;5
548575;;5
548600;;5
548625;;8
548650;;5
548675;;5
548700;;5
548725;;5
548750;;5
548775;;5
548800;;5
548825;;6
548850;;5
548875;;5
548900;;5
548925;;5
548950;;5
548975;;5
549000;;5
549025;;5
549050;;5
549075;;5
549100;;5
549125;;5
549150;;5
549175;;5
549200;;5
549225;;5
549250;;5
549275;;5
549300;;5
549325;;5
549350;;5
549375;;5
549400;;6
549425;;5
549450;;5
549475;;5
549500;;5
549525;;6
549550;;5
549575;;5
549600;;5
549625;;5
549650;;5
549675;;5
549700;;5
549725;;5
549750;;5
549775;;5
549800;;5
549825;;6
549850;;6
549875;;6
549900;;8
549925;;18
549950;;20
549975;;20
550000;;20
550025;;20
550050;;20
550075;;16
550100;;6
550125;;5
550150;;5
550175;;5
550200;;5
550225;;5
550250;;5
550275;;5
550300;;5
550325;;5
550350;;5
550375;;5
550400;;5
550425;;6
550450;;5
550475;;5
550500;;5
550525;;6
550550;;5
550575;;5
550600;;5
550625;;5
550650;;5
550675;;5
550700;;5
550725;;5
550750;;5
550775;;5
550800;;5
550825;;5
550850;;5
550875;;5
550900;;6
550925;;5
550950;;5
550975;;5
551000;;5
551025;;5
551050;;5
551075;;5
551100;;5
551125;;5
551150;;5
551175;;5
551200;;5
551225;;5
551250;;5
551275;;5
551300;;5
551325;;5
551350;;5
551375;;5
551400;;5
551425;;5
551450;;5
551475;;5
551500;;5
551525;;5
551550;;5
551575;;5
551600;;5
551625;;5
551650;;5
551675;;5
551700;;5
551725;;5
551750;;5
551775;;5
551800;;5
551825;;5
551850;;5
551875;;5
551900;;5
551925;;6
551950;;6
551975;;6
552000;;6
552025;;6
552050;;6
552075;;5
552100;;5
552125;;5
552150;;5
552175;;5
552200;;5
552225;;5
552250;;5
552275;;5
552300;;6
552325;;5
552350;;5
552375;;5
552400;;5
552425;;5
552450;;5
552475;;5
552500;;5
552525;;5
552550;;5
552575;;5
552600;;5
552625;;5
552650;;5
552675;;5
552700;;5
552725;;5
552750;;5
552775;;5
552800;;5
552825;;5
552850;;5
552875;;5
552900;;5
552925;;5
552950;;5
552975;;5
553000;;5
553025;;5
553050;;5
553075;;5
553100;;5
553125;;5
553150;;5
553175;;5
553200;;5
553225;;5
553250;;5
553275;;5
553300;;5
553325;;6
553350;;5
553375;;5
553400;;5
553425;;5
553450;;5
553475;;5
553500;;5
553525;;5
553550;;5
553575;;5
553600;;5
553625;;5
553650;;5
553675;;5
553700;;5
553725;;5
553750;;5
553775;;5
553800;;5
553825;;5
553850;;5
553875;;5
553900;;6
553925;;5
553950;;5
553975;;5
554000;;5
554025;;5
554050;;5
554075;;5
554100;;5
554125;;5
554150;;5
554175;;5
554200;;6
554225;;5
554250;;5
554275;;5
554300;;5
554325;;6
554350;;5
554375;;5
554400;;5
554425;;5
554450;;5
554475;;5
554500;;5
554525;;5
554550;;5
554575;;5
554600;;5
554625;;5
554650;;5
554675;;5
554700;;5
554725;;5
554750;;5
554775;;5
554800;;5
554825;;5
554850;;5
554875;;5
554900;;5
554925;;5
554950;;5
554975;;6
555000;;6
555025;;5
555050;;5
555075;;5
555100;;6
555125;;5
555150;;6
555175;;5
555200;;5
555225;;5
555250;;6
555275;;5
555300;;5
555325;;5
555350;;5
555375;;6
555400;;5
555425;;6
555450;;5
555475;;5
555500;;5
555525;;5
555550;;5
555575;;5
555600;;6
555625;;5
555650;;5
555675;;6
555700;;6
555725;;6
555750;;6
555775;;6
555800;;6
555825;;6
555850;;6
555875;;6
555900;;6
555925;;5
555950;;5
555975;;6
556000;;5
556025;;6
556050;;5
556075;;6
556100;;6
556125;;6
556150;;6
556175;;6
556200;;5
556225;;6
556250;;6
556275;;6
556300;;6
556325;;6
556350;;6
556375;;5
556400;;6
556425;;6
556450;;6
556475;;6
556500;;5
556525;;6
556550;;5
556575;;6
556600;;5
556625;;5
556650;;5
556675;;6
556700;;5
556725;;5
556750;;6
556775;;5
556800;;5
556825;;5
556850;;5
556875;;11
556900;;5
556925;;5
556950;;6
556975;;5
557000;;5
557025;;5
557050;;5
557075;;8
557100;;6
557125;;5
557150;;5
557175;;5
557200;;5
557225;;5
557250;;5
557275;;5
557300;;5
557325;;5
557350;;5
557375;;5
557400;;5
557425;;6
557450;;5
557475;;5
557500;;6
557525;;6
557550;;5
557575;;5
557600;;5
557625;;6
557650;;5
557675;;5
557700;;5
557725;;5
557750;;5
557775;;5
557800;;6
557825;;5
557850;;5
557875;;6
557900;;6
557925;;7
557950;;7
557975;;6
558000;;5
558025;;6
558050;;6
558075;;5
558100;;5
558125;;6
558150;;5
558175;;6
558200;;6
558225;;6
558250;;6
558275;;5
558300;;6
558325;;6
558350;;6
558375;;6
558400;;6
558425;;6
558450;;6
558475;;6
558500;;5
558525;;6
558550;;6
558575;;6
558600;;5
558625;;5
558650;;5
558675;;5
558700;;6
558725;;5
558750;;5
558775;;5
558800;;6
558825;;6
558850;;6
558875;;5
558900;;6
558925;;11
558950;;13
558975;;14
559000;;14
559025;;13
559050;;14
559075;;11
559100;;6
559125;;6
559150;;5
559175;;6
559200;;5
559225;;5
559250;;5
559275;;5
559300;;6
559325;;5
559350;;5
559375;;5
559400;;5
559425;;5
559450;;6
559475;;5
559500;;5
559525;;5
559550;;5
559575;;5
559600;;5
559625;;5
559650;;5
559675;;5
559700;;5
559725;;5
559750;;6
559775;;5
559800;;5
559825;;5
559850;;5
559875;;5
559900;;5
559925;;5
559950;;5
559975;;5
560000;;5
560025;;6
560050;;5
560075;;5
560100;;6
560125;;5
560150;;5
560175;;5
560200;;5
560225;;5
560250;;6
560275;;5
560300;;5
560325;;5
560350;;5
560375;;5
560400;;5
560425;;6
560450;;6
560475;;5
560500;;5
560525;;5
560550;;5
560575;;5
560600;;5
560625;;5
560650;;5
560675;;5
560700;;5
560725;;5
560750;;5
560775;;5
560800;;5
560825;;5
560850;;6
560875;;6
560900;;5
560925;;6
560950;;5
560975;;5
561000;;5
561025;;5
561050;;5
561075;;5
561100;;5
561125;;5
561150;;5
561175;;5
561200;;5
561225;;5
561250;;5
561275;;5
561300;;5
561325;;5
561350;;5
561375;;5
561400;;5
561425;;5
561450;;5
561475;;5
561500;;5
561525;;5
561550;;5
561575;;5
561600;;5
561625;;5
561650;;5
561675;;5
561700;;5
561725;;5
561750;;5
561775;;5
561800;;5
561825;;5
561850;;5
561875;;5
561900;;5
561925;;5
561950;;5
561975;;5
562000;;5
562025;;5
562050;;5
562075;;5
562100;;5
562125;;5
562150;;5
562175;;5
562200;;5
562225;;5
562250;;5
562275;;5
562300;;5
562325;;5
562350;;5
562375;;5
562400;;5
562425;;5
562450;;5
562475;;5
562500;;5
562525;;5
562550;;5
562575;;5
562600;;5
562625;;5
562650;;5
562675;;5
562700;;5
562725;;5
562750;;5
562775;;5
562800;;5
562825;;5
562850;;5
562875;;5
562900;;5
562925;;5
562950;;4
562975;;5
563000;;5
563025;;4
563050;;4
563075;;4
563100;;5
563125;;4
563150;;4
563175;;5
563200;;4
563225;;4
563250;;4
563275;;4
563300;;4
563325;;4
563350;;4
563375;;4
563400;;5
563425;;4
563450;;4
563475;;4
563500;;4
563525;;4
563550;;4
563575;;4
563600;;4
563625;;4
563650;;4
563675;;5
563700;;4
563725;;4
563750;;5
563775;;4
563800;;4
563825;;5
563850;;4
563875;;4
563900;;4
563925;;4
563950;;5
563975;;4
564000;;4
564025;;4
564050;;4
564075;;4
564100;;4
564125;;4
564150;;4
564175;;4
564200;;4
564225;;4
564250;;4
564275;;4
564300;;5
564325;;4
564350;;4
564375;;4
564400;;5
564425;;5
564450;;5
564475;;5
564500;;5
564525;;4
564550;;4
564575;;5
564600;;4
564625;;4
564650;;4
564675;;4
564700;;4
564725;;5
564750;;5
564775;;4
564800;;4
564825;;5
564850;;4
564875;;5
564900;;4
564925;;4
564950;;4
564975;;4
565000;;4
565025;;5
565050;;4
565075;;5
565100;;4
565125;;4
565150;;4
565175;;6
565200;;7
565225;;6
565250;;7
565275;;7
565300;;8
565325;;5
565350;;4
565375;;4
565400;;4
565425;;4
565450;;4
565475;;4
565500;;4
565525;;4
565550;;4
565575;;4
565600;;4
565625;;3
565650;;4
565675;;4
565700;;4
565725;;4
565750;;4
565775;;4
565800;;4
565825;;4
565850;;4
565875;;3
565900;;4
565925;;3
565950;;3
565975;;4
566000;;3
566025;;4
566050;;3
566075;;4
566100;;4
566125;;3
566150;;4
566175;;3
566200;;3
566225;;3
566250;;4
566275;;3
566300;;4
566325;;4
566350;;4
566375;;4
566400;;4
566425;;4
566450;;3
566475;;4
566500;;4
566525;;4
566550;;4
566575;;4
566600;;3
566625;;4
566650;;4
566675;;4
566700;;4
566725;;4
566750;;4
566775;;4
566800;;4
566825;;3
566850;;4
566875;;4
566900;;4
566925;;4
566950;;4
566975;;4
567000;;4
567025;;4
567050;;4
567075;;4
567100;;4
567125;;3
567150;;3
567175;;4
567200;;4
567225;;4
567250;;4
567275;;4
567300;;4
567325;;3
567350;;4
567375;;4
567400;;4
567425;;4
567450;;4
567475;;3
567500;;4
567525;;3
567550;;4
567575;;4
567600;;3
567625;;4
567650;;4
567675;;3
567700;;4
567725;;3
567750;;4
567775;;4
567800;;3
567825;;3
567850;;3
567875;;4
567900;;3
567925;;4
567950;;3
567975;;3
568000;;4
568025;;3
568050;;3
568075;;3
568100;;3
568125;;3
568150;;3
568175;;3
568200;;3
568225;;3
568250;;4
568275;;3
568300;;3
568325;;3
568350;;4
568375;;3
568400;;4
568425;;3
568450;;4
568475;;3
568500;;4
568525;;4
568550;;3
568575;;4
568600;;4
568625;;4
568650;;4
568675;;4
568700;;4
568725;;4
568750;;4
568775;;4
568800;;4
568825;;4
568850;;4
568875;;4
568900;;4
568925;;4
568950;;4
568975;;4
569000;;4
569025;;4
569050;;5
569075;;4
569100;;4
569125;;4
569150;;4
569175;;4
569200;;4
569225;;4
569250;;4
569275;;4
569300;;4
569325;;4
569350;;4
569375;;4
569400;;4
569425;;5
569450;;4
569475;;4
569500;;4
569525;;4
569550;;4
569575;;4
569600;;4
569625;;5
569650;;4
569675;;4
569700;;4
569725;;4
569750;;4
569775;;4
569800;;4
569825;;4
569850;;4
569875;;5
569900;;8
569925;;16
569950;;17
569975;;18
570000;;18
570025;;17
570050;;17
570075;;12
570100;;5
570125;;4
570150;;4
570175;;4
570200;;4
570225;;4
570250;;4
570275;;4
570300;;4
570325;;4
570350;;4
570375;;4
570400;;4
570425;;4
570450;;4
570475;;4
570500;;4
570525;;4
570550;;4
570575;;4
570600;;3
570625;;4
570650;;3
570675;;4
570700;;4
570725;;3
570750;;3
570775;;3
570800;;3
570825;;4
570850;;3
570875;;3
570900;;4
570925;;3
570950;;4
570975;;3
571000;;3
571025;;4
571050;;4
571075;;3
571100;;4
571125;;3
571150;;4
571175;;4
571200;;4
571225;;4
571250;;4
571275;;4
571300;;4
571325;;4
571350;;4
571375;;4
571400;;4
571425;;4
571450;;4
571475;;3
571500;;3
571525;;3
571550;;3
571575;;3
571600;;3
571625;;3
571650;;3
571675;;3
571700;;3
571725;;3
571750;;3
571775;;3
571800;;3
571825;;3
571850;;3
571875;;3
571900;;3
571925;;3
571950;;3
571975;;3
572000;;3
572025;;3
572050;;3
572075;;3
572100;;3
572125;;3
572150;;3
572175;;3
572200;;3
572225;;3
572250;;3
572275;;3
572300;;3
572325;;3
572350;;3
572375;;3
572400;;3
572425;;3
572450;;3
572475;;3
572500;;3
572525;;3
572550;;3
572575;;3
572600;;3
572625;;3
572650;;3
572675;;3
572700;;3
572725;;3
572750;;3
572775;;3
572800;;3
572825;;3
572850;;3
572875;;4
572900;;3
572925;;3
572950;;4
572975;;3
573000;;3
573025;;4
573050;;3
573075;;3
573100;;3
573125;;4
573150;;4
573175;;4
573200;;5
573225;;5
573250;;8
573275;;10
573300;;14
573325;;22
573350;;24
573375;;24
573400;;24
573425;;23
573450;;24
573475;;18
573500;;11
573525;;7
573550;;5
573575;;5
573600;;4
573625;;3
573650;;11
573675;;3
573700;;3
573725;;3
573750;;3
573775;;3
573800;;3
573825;;2
573850;;6
573875;;3
573900;;3
573925;;3
573950;;3
573975;;2
574000;;2
574025;;3
574050;;3
574075;;2
574100;;2
574125;;2
574150;;2
574175;;2
574200;;2
574225;;4
574250;;2
574275;;2
574300;;2
574325;;2
574350;;2
574375;;2
574400;;2
574425;;3
574450;;2
574475;;2
574500;;2
574525;;2
574550;;2
574575;;2
574600;;2
574625;;2
574650;;2
574675;;2
574700;;2
574725;;2
574750;;2
574775;;2
574800;;2
574825;;2
574850;;2
574875;;2
574900;;6
574925;;16
574950;;18
574975;;18
575000;;18
575025;;18
575050;;17
575075;;13
575100;;3
575125;;2
575150;;2
575175;;2
575200;;2
575225;;2
575250;;2
575275;;2
575300;;2
575325;;2
575350;;2
575375;;2
575400;;2
575425;;3
575450;;2
575475;;2
575500;;2
575525;;2
575550;;2
575575;;2
575600;;2
575625;;2
575650;;2
575675;;2
575700;;2
575725;;2
575750;;2
575775;;2
575800;;2
575825;;2
575850;;2
575875;;1
575900;;2
575925;;2
575950;;2
575975;;3
576000;;3
576025;;2
576050;;2
576075;;1
576100;;1
576125;;2
576150;;1
576175;;2
576200;;2
576225;;2
576250;;1
576275;;1
576300;;1
576325;;1
576350;;2
576375;;1
576400;;1
576425;;1
576450;;1
576475;;1
576500;;1
576525;;1
576550;;1
576575;;2
576600;;2
576625;;2
576650;;1
576675;;1
576700;;1
576725;;1
576750;;1
576775;;1
576800;;1
576825;;1
576850;;1
576875;;2
576900;;2
576925;;2
576950;;2
576975;;3
577000;;2
577025;;2
577050;;2
577075;;2
577100;;2
577125;;2
577150;;1
577175;;1
577200;;1
577225;;1
577250;;2
577275;;1
577300;;1
577325;;1
577350;;1
577375;;2
577400;;2
577425;;1
577450;;1
577475;;2
577500;;2
577525;;1
577550;;2
577575;;2
577600;;2
577625;;1
577650;;2
577675;;2
577700;;2
577725;;1
577750;;2
577775;;7
577800;;12
577825;;12
577850;;11
577875;;13
577900;;11
577925;;11
577950;;7
577975;;2
578000;;1
578025;;1
578050;;1
578075;;2
578100;;1
578125;;1
578150;;1
578175;;1
578200;;1
578225;;1
578250;;2
578275;;1
578300;;1
578325;;1
578350;;2
578375;;1
578400;;1
578425;;2
578450;;2
578475;;1
578500;;2
578525;;2
578550;;2
578575;;2
578600;;2
578625;;2
578650;;2
578675;;1
578700;;1
578725;;1
578750;;1
578775;;1
578800;;1
578825;;1
578850;;1
578875;;2
578900;;2
578925;;1
578950;;1
578975;;1
579000;;1
579025;;1
579050;;1
579075;;1
579100;;1
579125;;1
579150;;1
579175;;2
579200;;1
579225;;1
579250;;1
579275;;1
579300;;1
579325;;1
579350;;1
579375;;1
579400;;1
579425;;1
579450;;1
579475;;2
579500;;1
579525;;1
579550;;1
579575;;1
579600;;2
579625;;2
579650;;1
579675;;1
579700;;1
579725;;1
579750;;2
579775;;1
579800;;1
579825;;2
579850;;2
579875;;2
579900;;1
579925;;1
579950;;1
579975;;1
580000;;2
580025;;1
580050;;2
580075;;1
580100;;1
580125;;1
580150;;1
580175;;2
580200;;1
580225;;1
580250;;1
580275;;1
580300;;1
580325;;2
580350;;1
580375;;2
580400;;1
580425;;1
580450;;1
580475;;1
580500;;1
580525;;1
580550;;1
580575;;2
580600;;2
580625;;2
580650;;1
580675;;1
580700;;1
580725;;1
580750;;1
580775;;1
580800;;1
580825;;1
580850;;1
580875;;1
580900;;1
580925;;1
580950;;1
580975;;1
581000;;1
581025;;1
581050;;1
581075;;1
581100;;1
581125;;1
581150;;1
581175;;1
581200;;1
581225;;1
581250;;1
581275;;1
581300;;1
581325;;1
581350;;1
581375;;1
581400;;1
581425;;1
581450;;1
581475;;1
581500;;1
581525;;2
581550;;1
581575;;1
581600;;3
581625;;2
581650;;2
581675;;1
581700;;2
581725;;1
581750;;2
581775;;2
581800;;3
581825;;1
581850;;1
581875;;2
581900;;2
581925;;2
581950;;2
581975;;2
582000;;4
582025;;2
582050;;2
582075;;1
582100;;1
582125;;3
582150;;1
582175;;2
582200;;1
582225;;1
582250;;1
582275;;1
582300;;1
582325;;2
582350;;1
582375;;1
582400;;2
582425;;1
582450;;1
582475;;2
582500;;2
582525;;1
582550;;1
582575;;1
582600;;1
582625;;2
582650;;2
582675;;1
582700;;1
582725;;2
582750;;2
582775;;2
582800;;2
582825;;1
582850;;2
582875;;1
582900;;2
582925;;1
582950;;1
582975;;2
583000;;2
583025;;2
583050;;2
583075;;2
583100;;1
583125;;1
583150;;2
583175;;2
583200;;1
583225;;2
583250;;2
583275;;1
583300;;2
583325;;2
583350;;2
583375;;2
583400;;2
583425;;1
583450;;2
583475;;2
583500;;1
583525;;1
583550;;2
583575;;2
583600;;1
583625;;2
583650;;2
583675;;3
583700;;2
583725;;2
583750;;2
583775;;2
583800;;2
583825;;2
583850;;2
583875;;1
583900;;2
583925;;1
583950;;2
583975;;2
584000;;3
584025;;2
584050;;2
584075;;2
584100;;2
584125;;2
584150;;2
584175;;2
584200;;2
584225;;2
584250;;2
584275;;2
584300;;2
584325;;2
584350;;2
584375;;2
584400;;2
584425;;2
584450;;2
584475;;2
584500;;2
584525;;2
584550;;2
584575;;2
584600;;2
584625;;2
584650;;2
584675;;2
584700;;2
584725;;2
584750;;2
584775;;1
584800;;2
584825;;1
584850;;1
584875;;1
584900;;2
584925;;2
584950;;2
584975;;2
585000;;2
585025;;2
585050;;2
585075;;2
585100;;2
585125;;2
585150;;2
585175;;1
585200;;2
585225;;1
585250;;1
585275;;2
585300;;2
585325;;1
585350;;1
585375;;2
585400;;1
585425;;2
585450;;2
585475;;2
585500;;2
585525;;2
585550;;2
585575;;2
585600;;2
585625;;2
585650;;2
585675;;2
585700;;2
585725;;2
585750;;1
585775;;2
585800;;1
585825;;1
585850;;1
585875;;1
585900;;2
585925;;1
585950;;2
585975;;1
586000;;2
586025;;2
586050;;2
586075;;2
586100;;2
586125;;2
586150;;2
586175;;2
586200;;2
586225;;2
586250;;2
586275;;2
586300;;2
586325;;2
586350;;2
586375;;1
586400;;1
586425;;2
586450;;2
586475;;2
586500;;2
586525;;2
586550;;2
586575;;2
586600;;2
586625;;2
586650;;2
586675;;2
586700;;2
586725;;2
586750;;2
586775;;2
586800;;2
586825;;2
586850;;2
586875;;2
586900;;2
586925;;2
586950;;2
586975;;2
587000;;2
587025;;2
587050;;2
587075;;3
587100;;2
587125;;2
587150;;2
587175;;2
587200;;2
587225;;2
587250;;2
587275;;2
587300;;2
587325;;2
587350;;2
587375;;2
587400;;2
587425;;2
587450;;2
587475;;2
587500;;2
587525;;2
587550;;3
587575;;2
587600;;2
587625;;3
587650;;3
587675;;3
587700;;3
587725;;3
587750;;3
587775;;3
587800;;2
587825;;2
587850;;3
587875;;2
587900;;2
587925;;3
587950;;2
587975;;2
588000;;3
588025;;2
588050;;2
588075;;2
588100;;3
588125;;3
588150;;3
588175;;2
588200;;3
588225;;3
588250;;3
588275;;3
588300;;2
588325;;3
588350;;2
588375;;3
588400;;2
588425;;3
588450;;2
588475;;2
588500;;2
588525;;2
588550;;2
588575;;2
588600;;3
588625;;3
588650;;2
588675;;2
588700;;3
588725;;3
588750;;3
588775;;3
588800;;2
588825;;3
588850;;3
588875;;3
588900;;2
588925;;4
588950;;3
588975;;3
589000;;3
589025;;3
589050;;3
589075;;3
589100;;3
589125;;2
589150;;3
589175;;2
589200;;3
589225;;2
589250;;3
589275;;3
589300;;3
589325;;2
589350;;3
589375;;3
589400;;4
589425;;2
589450;;2
589475;;2
589500;;3
589525;;3
589550;;2
589575;;3
589600;;5
589625;;3
589650;;3
589675;;3
589700;;2
589725;;3
589750;;3
589775;;3
589800;;5
589825;;8
589850;;3
589875;;3
589900;;2
589925;;3
589950;;8
589975;;3
590000;;2
590025;;5
590050;;2
590075;;4
590100;;8
590125;;5
590150;;3
590175;;3
590200;;12
590225;;4
590250;;8
590275;;14
590300;;4
590325;;3
590350;;3
590375;;5
590400;;8
590425;;2
590450;;3
590475;;3
590500;;3
590525;;4
590550;;2
590575;;3
590600;;5
590625;;4
590650;;2
590675;;3
590700;;3
590725;;2
590750;;4
590775;;2
590800;;5
590825;;5
590850;;3
590875;;5
590900;;4
590925;;5
590950;;4
590975;;6
591000;;3
591025;;3
591050;;3
591075;;3
591100;;3
591125;;3
591150;;3
591175;;3
591200;;3
591225;;2
591250;;3
591275;;3
591300;;3
591325;;4
591350;;2
591375;;4
591400;;2
591425;;3
591450;;3
591475;;4
591500;;5
591525;;5
591550;;5
591575;;6
591600;;6
591625;;4
591650;;6
591675;;3
591700;;5
591725;;3
591750;;4
591775;;3
591800;;3
591825;;3
591850;;3
591875;;2
591900;;4
591925;;6
591950;;4
591975;;6
592000;;4
592025;;6
592050;;4
592075;;5
592100;;5
592125;;4
592150;;5
592175;;4
592200;;6
592225;;4
592250;;7
592275;;4
592300;;7
592325;;7
592350;;7
592375;;6
592400;;4
592425;;3
592450;;6
592475;;4
592500;;5
592525;;5
592550;;4
592575;;7
592600;;6
592625;;7
592650;;6
592675;;7
592700;;5
592725;;8
592750;;6
592775;;8
592800;;6
592825;;9
592850;;6
592875;;10
592900;;8
592925;;13
592950;;9
592975;;14
593000;;10
593025;;15
593050;;14
593075;;15
593100;;17
593125;;17
593150;;17
593175;;15
593200;;18
593225;;20
593250;;19
593275;;21
593300;;21
593325;;24
593350;;29
593375;;27
593400;;30
593425;;26
593450;;25
593475;;27
593500;;21
593525;;23
593550;;23
593575;;20
593600;;22
593625;;18
593650;;17
593675;;17
593700;;15
593725;;16
593750;;17
593775;;14
593800;;19
593825;;16
593850;;16
593875;;12
593900;;14
593925;;10
593950;;12
593975;;9
594000;;8
594025;;9
594050;;8
594075;;10
594100;;8
594125;;9
594150;;10
594175;;9
594200;;11
594225;;10
594250;;10
594275;;11
594300;;12
594325;;12
594350;;12
594375;;12
594400;;12
594425;;9
594450;;10
594475;;11
594500;;9
594525;;9
594550;;8
594575;;4
594600;;7
594625;;6
594650;;7
594675;;6
594700;;8
594725;;8
594750;;8
594775;;7
594800;;6
594825;;6
594850;;7
594875;;7
594900;;8
594925;;7
594950;;9
594975;;7
595000;;10
595025;;8
595050;;8
595075;;7
595100;;8
595125;;5
595150;;8
595175;;5
595200;;6
595225;;3
595250;;5
595275;;6
595300;;5
595325;;6
595350;;5
595375;;6
595400;;5
595425;;6
595450;;5
595475;;6
595500;;5
595525;;5
595550;;5
595575;;6
595600;;6
595625;;5
595650;;7
595675;;6
595700;;6
595725;;4
595750;;6
595775;;5
595800;;4
595825;;4
595850;;5
595875;;5
595900;;5
595925;;4
595950;;6
595975;;5
596000;;5
596025;;6
596050;;6
596075;;5
596100;;6
596125;;7
596150;;5
596175;;6
596200;;5
596225;;6
596250;;5
596275;;5
596300;;3
596325;;4
596350;;5
596375;;3
596400;;10
596425;;3
596450;;13
596475;;5
596500;;6
596525;;8
596550;;6
596575;;12
596600;;5
596625;;7
596650;;5
596675;;7
596700;;5
596725;;4
596750;;5
596775;;4
596800;;6
596825;;4
596850;;4
596875;;4
596900;;5
596925;;4
596950;;5
596975;;4
597000;;4
597025;;4
597050;;6
597075;;4
597100;;4
597125;;4
597150;;5
597175;;5
597200;;4
597225;;5
597250;;4
597275;;4
597300;;5
597325;;5
597350;;4
597375;;4
597400;;5
597425;;4
597450;;3
597475;;4
597500;;3
597525;;4
597550;;4
597575;;5
597600;;4
597625;;5
597650;;6
597675;;6
597700;;5
597725;;5
597750;;6
597775;;5
597800;;5
597825;;5
597850;;4
597875;;4
597900;;4
597925;;3
597950;;4
597975;;4
598000;;3
598025;;3
598050;;4
598075;;3
598100;;4
598125;;4
598150;;4
598175;;5
598200;;5
598225;;5
598250;;5
598275;;6
598300;;6
598325;;7
598350;;6
598375;;6
598400;;5
598425;;8
598450;;6
598475;;5
598500;;5
598525;;4
598550;;4
598575;;4
598600;;4
598625;;4
598650;;4
598675;;5
598700;;4
598725;;5
598750;;4
598775;;4
598800;;4
598825;;4
598850;;5
598875;;4
598900;;5
598925;;4
598950;;4
598975;;4
599000;;4
599025;;3
599050;;3
599075;;4
599100;;3
599125;;3
599150;;5
599175;;3
599200;;4
599225;;3
599250;;4
599275;;4
599300;;4
599325;;5
599350;;5
599375;;4
599400;;6
599425;;5
599450;;6
599475;;5
599500;;4
599525;;5
599550;;5
599575;;4
599600;;3
599625;;3
599650;;3
599675;;4
599700;;3
599725;;3
599750;;3
599775;;3
599800;;3
599825;;3
599850;;3
599875;;4
599900;;4
599925;;13
599950;;16
599975;;16
600000;;17
600025;;16
600050;;15
600075;;12
600100;;4
600125;;6
600150;;4
600175;;4
600200;;4
600225;;4
600250;;3
600275;;4
600300;;3
600325;;5
600350;;4
600375;;5
600400;;3
600425;;4
600450;;5
600475;;4
600500;;4
600525;;4
600550;;4
600575;;4
600600;;4
600625;;4
600650;;3
600675;;4
600700;;3
600725;;3
600750;;3
600775;;3
600800;;3
600825;;3
600850;;3
600875;;3
600900;;3
600925;;4
600950;;5
600975;;3
601000;;5
601025;;5
601050;;4
601075;;5
601100;;4
601125;;5
601150;;4
601175;;6
601200;;4
601225;;4
601250;;5
601275;;4
601300;;4
601325;;4
601350;;5
601375;;4
601400;;4
601425;;3
601450;;3
601475;;3
601500;;3
601525;;3
601550;;3
601575;;3
601600;;3
601625;;3
601650;;3
601675;;3
601700;;4
601725;;3
601750;;3
601775;;4
601800;;4
601825;;3
601850;;4
601875;;3
601900;;3
601925;;5
601950;;6
601975;;6
602000;;6
602025;;6
602050;;6
602075;;5
602100;;5
602125;;4
602150;;3
602175;;5
602200;;3
602225;;4
602250;;3
602275;;3
602300;;3
602325;;3
602350;;3
602375;;3
602400;;3
602425;;3
602450;;3
602475;;3
602500;;3
602525;;2
602550;;3
602575;;3
602600;;3
602625;;4
602650;;3
602675;;4
602700;;3
602725;;8
602750;;3
602775;;3
602800;;3
602825;;4
602850;;5
602875;;4
602900;;8
602925;;3
602950;;4
602975;;3
603000;;4
603025;;3
603050;;4
603075;;3
603100;;3
603125;;5
603150;;4
603175;;4
603200;;3
603225;;4
603250;;3
603275;;3
603300;;3
603325;;4
603350;;4
603375;;3
603400;;3
603425;;3
603450;;3
603475;;3
603500;;3
603525;;3
603550;;3
603575;;4
603600;;3
603625;;3
603650;;3
603675;;3
603700;;4
603725;;4
603750;;3
603775;;4
603800;;3
603825;;4
603850;;3
603875;;4
603900;;3
603925;;4
603950;;3
603975;;3
604000;;3
604025;;3
604050;;3
604075;;3
604100;;3
604125;;3
604150;;3
604175;;3
604200;;4
604225;;3
604250;;3
604275;;3
604300;;3
604325;;3
604350;;2
604375;;3
604400;;2
604425;;3
604450;;3
604475;;3
604500;;3
604525;;2
604550;;3
604575;;3
604600;;3
604625;;3
604650;;3
604675;;2
604700;;3
604725;;3
604750;;3
604775;;3
604800;;4
604825;;3
604850;;3
604875;;3
604900;;3
604925;;3
604950;;2
604975;;4
605000;;5
605025;;3
605050;;4
605075;;3
605100;;2
605125;;3
605150;;2
605175;;3
605200;;3
605225;;2
605250;;2
605275;;3
605300;;2
605325;;2
605350;;2
605375;;2
605400;;3
605425;;2
605450;;2
605475;;2
605500;;2
605525;;3
605550;;2
605575;;3
605600;;3
605625;;3
605650;;2
605675;;3
605700;;3
605725;;3
605750;;3
605775;;2
605800;;3
605825;;3
605850;;3
605875;;2
605900;;3
605925;;2
605950;;3
605975;;2
606000;;2
606025;;2
606050;;3
606075;;3
606100;;3
606125;;2
606150;;3
606175;;2
606200;;5
606225;;2
606250;;2
606275;;2
606300;;2
606325;;2
606350;;3
606375;;3
606400;;6
606425;;2
606450;;2
606475;;2
606500;;8
606525;;2
606550;;3
606575;;7
606600;;2
606625;;3
606650;;3
606675;;3
606700;;3
606725;;3
606750;;3
606775;;15
606800;;4
606825;;2
606850;;3
606875;;3
606900;;3
606925;;3
606950;;8
606975;;3
607000;;2
607025;;2
607050;;2
607075;;3
607100;;3
607125;;8
607150;;3
607175;;2
607200;;3
607225;;2
607250;;2
607275;;3
607300;;4
607325;;2
607350;;2
607375;;3
607400;;3
607425;;2
607450;;2
607475;;3
607500;;6
607525;;3
607550;;2
607575;;3
607600;;3
607625;;2
607650;;3
607675;;3
607700;;3
607725;;3
607750;;3
607775;;3
607800;;3
607825;;3
607850;;3
607875;;3
607900;;3
607925;;3
607950;;3
607975;;3
608000;;3
608025;;3
608050;;3
608075;;3
608100;;3
608125;;2
608150;;3
608175;;3
608200;;3
608225;;3
608250;;3
608275;;3
608300;;2
608325;;3
608350;;3
608375;;3
608400;;2
608425;;2
608450;;3
608475;;3
608500;;2
608525;;3
608550;;4
608575;;3
608600;;3
608625;;3
608650;;3
608675;;3
608700;;3
608725;;3
608750;;3
608775;;3
608800;;2
608825;;3
608850;;3
608875;;3
608900;;3
608925;;5
608950;;3
608975;;3
609000;;3
609025;;7
609050;;3
609075;;3
609100;;3
609125;;3
609150;;3
609175;;3
609200;;3
609225;;3
609250;;3
609275;;3
609300;;3
609325;;3
609350;;3
609375;;3
609400;;3
609425;;3
609450;;3
609475;;4
609500;;4
609525;;4
609550;;5
609575;;5
609600;;4
609625;;3
609650;;3
609675;;2
609700;;3
609725;;3
609750;;3
609775;;3
609800;;3
609825;;3
609850;;3
609875;;3
609900;;3
609925;;3
609950;;3
609975;;3
610000;;3
610025;;3
610050;;3
610075;;3
610100;;3
610125;;3
610150;;3
610175;;3
610200;;3
610225;;3
610250;;3
610275;;3
610300;;3
610325;;3
610350;;3
610375;;3
610400;;3
610425;;3
610450;;2
610475;;3
610500;;2
610525;;3
610550;;3
610575;;3
610600;;3
610625;;3
610650;;3
610675;;3
610700;;3
610725;;3
610750;;3
610775;;3
610800;;3
610825;;3
610850;;3
610875;;3
610900;;3
610925;;3
610950;;3
610975;;3
611000;;3
611025;;3
611050;;3
611075;;3
611100;;3
611125;;3
611150;;3
611175;;3
611200;;3
611225;;3
611250;;3
611275;;3
611300;;3
611325;;3
611350;;3
611375;;3
611400;;3
611425;;3
611450;;3
611475;;3
611500;;3
611525;;3
611550;;3
611575;;3
611600;;3
611625;;3
611650;;3
611675;;3
611700;;3
611725;;3
611750;;4
611775;;4
611800;;3
611825;;3
611850;;3
611875;;3
611900;;3
611925;;4
611950;;3
611975;;3
612000;;3
612025;;3
612050;;3
612075;;3
612100;;3
612125;;4
612150;;3
612175;;3
612200;;4
612225;;3
612250;;3
612275;;3
612300;;4
612325;;3
612350;;3
612375;;4
612400;;3
612425;;4
612450;;3
612475;;4
612500;;3
612525;;3
612550;;3
612575;;3
612600;;3
612625;;3
612650;;3
612675;;3
612700;;3
612725;;4
612750;;3
612775;;4
612800;;4
612825;;3
612850;;4
612875;;4
612900;;3
612925;;3
612950;;3
612975;;4
613000;;3
613025;;3
613050;;4
613075;;4
613100;;4
613125;;4
613150;;3
613175;;3
613200;;4
613225;;3
613250;;3
613275;;3
613300;;3
613325;;4
613350;;3
613375;;3
613400;;3
613425;;3
613450;;3
613475;;4
613500;;4
613525;;3
613550;;3
613575;;4
613600;;3
613625;;4
613650;;4
613675;;3
613700;;3
613725;;3
613750;;3
613775;;3
613800;;3
613825;;4
613850;;3
613875;;3
613900;;4
613925;;4
613950;;3
613975;;3
614000;;3
614025;;3
614050;;3
614075;;4
614100;;3
614125;;3
614150;;3
614175;;4
614200;;4
614225;;3
614250;;4
614275;;4
614300;;4
614325;;3
614350;;4
614375;;4
614400;;4
614425;;4
614450;;4
614475;;3
614500;;3
614525;;3
614550;;3
614575;;4
614600;;3
614625;;4
614650;;3
614675;;3
614700;;3
614725;;3
614750;;4
614775;;4
614800;;3
614825;;3
614850;;3
614875;;3
614900;;3
614925;;3
614950;;3
614975;;3
615000;;4
615025;;3
615050;;9
615075;;4
615100;;3
615125;;3
615150;;3
615175;;3
615200;;5
615225;;3
615250;;3
615275;;3
615300;;3
615325;;4
615350;;3
615375;;3
615400;;4
615425;;3
615450;;3
615475;;3
615500;;3
615525;;4
615550;;3
615575;;4
615600;;3
615625;;3
615650;;4
615675;;3
615700;;3
615725;;3
615750;;3
615775;;3
615800;;3
615825;;3
615850;;3
615875;;3
615900;;3
615925;;3
615950;;3
615975;;3
616000;;3
616025;;3
616050;;4
616075;;3
616100;;4
616125;;4
616150;;3
616175;;5
616200;;3
616225;;4
616250;;4
616275;;3
616300;;5
616325;;3
616350;;3
616375;;3
616400;;3
616425;;3
616450;;3
616475;;3
616500;;3
616525;;3
616550;;3
616575;;3
616600;;3
616625;;3
616650;;3
616675;;3
616700;;3
616725;;3
616750;;3
616775;;3
616800;;3
616825;;4
616850;;3
616875;;4
616900;;3
616925;;3
616950;;3
616975;;3
617000;;3
617025;;3
617050;;3
617075;;3
617100;;3
617125;;3
617150;;3
617175;;3
617200;;3
617225;;3
617250;;3
617275;;3
617300;;3
617325;;3
617350;;3
617375;;3
617400;;3
617425;;3
617450;;3
617475;;3
617500;;3
617525;;3
617550;;3
617575;;3
617600;;3
617625;;3
617650;;3
617675;;3
617700;;3
617725;;3
617750;;3
617775;;3
617800;;3
617825;;3
617850;;3
617875;;3
617900;;3
617925;;3
617950;;3
617975;;4
618000;;3
618025;;3
618050;;3
618075;;3
618100;;3
618125;;3
618150;;3
618175;;3
618200;;3
618225;;3
618250;;3
618275;;3
618300;;3
618325;;3
618350;;3
618375;;3
618400;;3
618425;;3
618450;;3
618475;;3
618500;;3
618525;;3
618550;;3
618575;;3
618600;;3
618625;;3
618650;;3
618675;;2
618700;;3
618725;;3
618750;;3
618775;;3
618800;;3
618825;;3
618850;;3
618875;;3
618900;;4
618925;;3
618950;;3
618975;;3
619000;;3
619025;;3
619050;;3
619075;;3
619100;;3
619125;;3
619150;;3
619175;;3
619200;;3
619225;;3
619250;;3
619275;;3
619300;;3
619325;;3
619350;;3
619375;;3
619400;;3
619425;;3
619450;;3
619475;;2
619500;;3
619525;;3
619550;;3
619575;;3
619600;;3
619625;;3
619650;;3
619675;;3
619700;;3
619725;;3
619750;;3
619775;;3
619800;;3
619825;;3
619850;;3
619875;;3
619900;;3
619925;;3
619950;;3
619975;;3
620000;;3
620025;;3
620050;;3
620075;;3
620100;;3
620125;;3
620150;;3
620175;;3
620200;;3
620225;;3
620250;;3
620275;;3
620300;;3
620325;;3
620350;;3
620375;;3
620400;;3
620425;;3
620450;;3
620475;;3
620500;;3
620525;;3
620550;;3
620575;;3
620600;;2
620625;;2
620650;;3
620675;;3
620700;;3
620725;;3
620750;;3
620775;;3
620800;;3
620825;;3
620850;;3
620875;;3
620900;;3
620925;;3
620950;;3
620975;;3
621000;;2
621025;;3
621050;;3
621075;;3
621100;;3
621125;;2
621150;;3
621175;;3
621200;;3
621225;;3
621250;;3
621275;;2
621300;;2
621325;;3
621350;;2
621375;;2
621400;;3
621425;;2
621450;;3
621475;;2
621500;;3
621525;;2
621550;;2
621575;;2
621600;;3
621625;;3
621650;;3
621675;;2
621700;;2
621725;;3
621750;;2
621775;;3
621800;;3
621825;;3
621850;;2
621875;;3
621900;;3
621925;;3
621950;;2
621975;;3
622000;;2
622025;;3
622050;;2
622075;;2
622100;;3
622125;;2
622150;;3
622175;;3
622200;;3
622225;;2
622250;;3
622275;;3
622300;;2
622325;;2
622350;;2
622375;;3
622400;;2
622425;;3
622450;;3
622475;;2
622500;;3
622525;;3
622550;;3
622575;;3
622600;;4
622625;;3
622650;;4
622675;;3
622700;;5
622725;;3
622750;;3
622775;;3
622800;;3
622825;;3
622850;;3
622875;;6
622900;;3
622925;;6
622950;;7
622975;;4
623000;;9
623025;;7
623050;;9
623075;;8
623100;;7
623125;;9
623150;;4
623175;;8
623200;;3
623225;;3
623250;;7
623275;;3
623300;;5
623325;;4
623350;;3
623375;;4
623400;;3
623425;;4
623450;;3
623475;;3
623500;;2
623525;;3
623550;;2
623575;;3
623600;;3
623625;;2
623650;;3
623675;;3
623700;;3
623725;;3
623750;;2
623775;;6
623800;;3
623825;;3
623850;;3
623875;;3
623900;;3
623925;;3
623950;;3
623975;;5
624000;;2
624025;;3
624050;;3
624075;;3
624100;;2
624125;;2
624150;;3
624175;;3
624200;;2
624225;;2
624250;;2
624275;;2
624300;;2
624325;;2
624350;;2
624375;;2
624400;;2
624425;;2
624450;;2
624475;;2
624500;;2
624525;;3
624550;;2
624575;;3
624600;;2
624625;;2
624650;;2
624675;;2
624700;;2
624725;;2
624750;;2
624775;;2
624800;;2
624825;;2
624850;;2
624875;;2
624900;;6
624925;;16
624950;;18
624975;;18
625000;;18
625025;;18
625050;;18
625075;;13
625100;;3
625125;;3
625150;;3
625175;;2
625200;;3
625225;;3
625250;;3
625275;;2
625300;;2
625325;;2
625350;;2
625375;;3
625400;;2
625425;;2
625450;;2
625475;;2
625500;;2
625525;;2
625550;;2
625575;;2
625600;;3
625625;;2
625650;;2
625675;;2
625700;;2
625725;;2
625750;;2
625775;;2
625800;;2
625825;;2
625850;;2
625875;;2
625900;;1
625925;;2
625950;;2
625975;;2
626000;;1
626025;;1
626050;;2
626075;;2
626100;;2
626125;;2
626150;;2
626175;;1
626200;;2
626225;;2
626250;;2
626275;;2
626300;;2
626325;;2
626350;;1
626375;;2
626400;;2
626425;;2
626450;;1
626475;;2
626500;;2
626525;;2
626550;;1
626575;;1
626600;;2
626625;;2
626650;;2
626675;;1
626700;;2
626725;;2
626750;;2
626775;;2
626800;;2
626825;;2
626850;;1
626875;;2
626900;;2
626925;;3
626950;;3
626975;;3
627000;;3
627025;;4
627050;;4
627075;;2
627100;;2
627125;;2
627150;;3
627175;;2
627200;;2
627225;;2
627250;;2
627275;;2
627300;;2
627325;;2
627350;;2
627375;;2
627400;;2
627425;;2
627450;;2
627475;;2
627500;;2
627525;;3
627550;;3
627575;;3
627600;;3
627625;;3
627650;;3
627675;;3
627700;;3
627725;;3
627750;;2
627775;;2
627800;;3
627825;;2
627850;;2
627875;;2
627900;;2
627925;;2
627950;;2
627975;;1
628000;;2
628025;;2
628050;;2
628075;;1
628100;;2
628125;;2
628150;;2
628175;;2
628200;;2
628225;;2
628250;;2
628275;;3
628300;;2
628325;;2
628350;;2
628375;;3
628400;;2
628425;;2
628450;;2
628475;;1
628500;;2
628525;;2
628550;;2
628575;;2
628600;;2
628625;;2
628650;;2
628675;;2
628700;;2
628725;;2
628750;;2
628775;;2
628800;;2
628825;;2
628850;;2
628875;;2
628900;;2
628925;;1
628950;;2
628975;;2
629000;;2
629025;;2
629050;;2
629075;;2
629100;;2
629125;;2
629150;;1
629175;;2
629200;;2
629225;;1
629250;;2
629275;;1
629300;;2
629325;;1
629350;;1
629375;;2
629400;;2
629425;;2
629450;;1
629475;;2
629500;;2
629525;;2
629550;;2
629575;;2
629600;;2
629625;;2
629650;;2
629675;;1
629700;;2
629725;;1
629750;;2
629775;;1
629800;;2
629825;;1
629850;;2
629875;;2
629900;;2
629925;;1
629950;;1
629975;;2
630000;;1
630025;;2
630050;;2
630075;;1
630100;;2
630125;;1
630150;;2
630175;;1
630200;;2
630225;;1
630250;;1
630275;;2
630300;;1
630325;;1
630350;;1
630375;;1
630400;;1
630425;;1
630450;;1
630475;;1
630500;;1
630525;;1
630550;;0
630575;;1
630600;;1
630625;;1
630650;;1
630675;;1
630700;;1
630725;;2
630750;;1
630775;;1
630800;;1
630825;;2
630850;;1
630875;;1
630900;;1
630925;;1
630950;;1
630975;;1
631000;;1
631025;;1
631050;;0
631075;;1
631100;;1
631125;;1
631150;;1
631175;;1
631200;;1
631225;;2
631250;;1
631275;;1
631300;;1
631325;;1
631350;;1
631375;;1
631400;;1
631425;;3
631450;;1
631475;;2
631500;;1
631525;;1
631550;;1
631575;;1
631600;;1
631625;;1
631650;;1
631675;;1
631700;;1
631725;;0
631750;;0
631775;;0
631800;;6
631825;;1
631850;;1
631875;;0
631900;;1
631925;;1
631950;;2
631975;;1
632000;;3
632025;;1
632050;;1
632075;;1
632100;;1
632125;;1
632150;;1
632175;;1
632200;;2
632225;;1
632250;;1
632275;;0
632300;;0
632325;;0
632350;;1
632375;;0
632400;;2
632425;;1
632450;;1
632475;;1
632500;;0
632525;;1
632550;;2
632575;;1
632600;;1
632625;;0
632650;;0
632675;;1
632700;;1
632725;;0
632750;;0
632775;;1
632800;;1
632825;;1
632850;;0
632875;;0
632900;;0
632925;;0
632950;;0
632975;;0
633000;;1
633025;;0
633050;;0
633075;;0
633100;;1
633125;;0
633150;;0
633175;;0
633200;;0
633225;;0
633250;;0
633275;;1
633300;;0
633325;;0
633350;;0
633375;;0
633400;;0
633425;;0
633450;;0
633475;;0
633500;;1
633525;;0
633550;;0
633575;;0
633600;;0
633625;;0
633650;;1
633675;;0
633700;;1
633725;;0
633750;;0
633775;;0
633800;;0
633825;;0
633850;;1
633875;;0
633900;;0
633925;;0
633950;;0
633975;;0
634000;;1
634025;;0
634050;;1
634075;;0
634100;;0
634125;;0
634150;;0
634175;;0
634200;;0
634225;;0
634250;;0
634275;;0
634300;;0
634325;;0
634350;;0
634375;;1
634400;;0
634425;;0
634450;;0
634475;;1
634500;;0
634525;;0
634550;;0
634575;;0
634600;;0
634625;;0
634650;;1
634675;;0
634700;;0
634725;;0
634750;;0
634775;;0
634800;;0
634825;;0
634850;;0
634875;;1
634900;;0
634925;;0
634950;;0
634975;;0
635000;;0
635025;;0
635050;;0
635075;;0
635100;;0
635125;;0
635150;;0
635175;;0
635200;;1
635225;;1
635250;;0
635275;;3
635300;;0
635325;;1
635350;;0
635375;;0
635400;;0
635425;;0
635450;;0
635475;;0
635500;;0
635525;;0
635550;;0
635575;;0
635600;;0
635625;;0
635650;;0
635675;;0
635700;;1
635725;;0
635750;;0
635775;;0
635800;;0
635825;;1
635850;;0
635875;;0
635900;;0
635925;;0
635950;;0
635975;;0
636000;;0
636025;;0
636050;;0
636075;;1
636100;;0
636125;;0
636150;;0
636175;;0
636200;;0
636225;;0
636250;;0
636275;;0
636300;;0
636325;;0
636350;;0
636375;;0
636400;;0
636425;;0
636450;;0
636475;;0
636500;;0
636525;;0
636550;;0
636575;;0
636600;;0
636625;;0
636650;;0
636675;;0
636700;;0
636725;;0
636750;;0
636775;;0
636800;;0
636825;;0
636850;;0
636875;;0
636900;;0
636925;;0
636950;;0
636975;;0
637000;;0
637025;;0
637050;;0
637075;;0
637100;;0
637125;;0
637150;;0
637175;;0
637200;;0
637225;;0
637250;;0
637275;;0
637300;;0
637325;;0
637350;;0
637375;;0
637400;;0
637425;;0
637450;;0
637475;;0
637500;;0
637525;;0
637550;;0
637575;;0
637600;;0
637625;;0
637650;;0
637675;;0
637700;;0
637725;;0
637750;;0
637775;;0
637800;;0
637825;;0
637850;;0
637875;;0
637900;;0
637925;;0
637950;;0
637975;;0
638000;;0
638025;;0
638050;;0
638075;;0
638100;;0
638125;;0
638150;;0
638175;;0
638200;;0
638225;;0
638250;;0
638275;;0
638300;;0
638325;;0
638350;;0
638375;;0
638400;;0
638425;;0
638450;;0
638475;;0
638500;;0
638525;;0
638550;;0
638575;;0
638600;;0
638625;;0
638650;;0
638675;;0
638700;;0
638725;;0
638750;;0
638775;;0
638800;;0
638825;;0
638850;;0
638875;;0
638900;;0
638925;;0
638950;;0
638975;;0
639000;;0
639025;;0
639050;;0
639075;;0
639100;;0
639125;;0
639150;;0
639175;;0
639200;;0
639225;;0
639250;;0
639275;;1
639300;;0
639325;;0
639350;;0
639375;;0
639400;;0
639425;;0
639450;;0
639475;;1
639500;;0
639525;;0
639550;;0
639575;;0
639600;;0
639625;;0
639650;;0
639675;;0
639700;;0
639725;;0
639750;;0
639775;;0
639800;;0
639825;;0
639850;;6
639875;;0
639900;;0
639925;;0
639950;;0
639975;;0
640000;;0
640025;;0
640050;;8
640075;;0
640100;;0
640125;;0
640150;;0
640175;;1
640200;;6
640225;;1
640250;;0
640275;;0
640300;;0
640325;;0
640350;;0
640375;;2
640400;;0
640425;;0
640450;;0
640475;;0
640500;;0
640525;;0
640550;;0
640575;;0
640600;;0
640625;;0
640650;;0
640675;;0
640700;;0
640725;;0
640750;;0
640775;;0
640800;;0
640825;;0
640850;;0
640875;;0
640900;;0
640925;;0
640950;;0
640975;;0
641000;;0
641025;;0
641050;;0
641075;;0
641100;;0
641125;;0
641150;;0
641175;;0
641200;;0
641225;;0
641250;;1
641275;;0
641300;;1
641325;;0
641350;;1
641375;;0
641400;;1
641425;;0
641450;;1
641475;;2
641500;;0
641525;;1
641550;;0
641575;;1
641600;;1
641625;;0
641650;;0
641675;;0
641700;;1
641725;;0
641750;;0
641775;;1
641800;;3
641825;;1
641850;;2
641875;;0
641900;;1
641925;;2
641950;;3
641975;;0
642000;;2
642025;;2
642050;;3
642075;;0
642100;;3
642125;;2
642150;;4
642175;;0
642200;;3
642225;;2
642250;;2
642275;;5
642300;;3
642325;;2
642350;;2
642375;;5
642400;;3
642425;;4
642450;;2
642475;;5
642500;;5
642525;;5
642550;;2
642575;;6
642600;;4
642625;;6
642650;;6
642675;;6
642700;;5
642725;;10
642750;;12
642775;;14
642800;;12
642825;;15
642850;;15
642875;;15
642900;;13
642925;;13
642950;;10
642975;;7
643000;;11
643025;;7
643050;;6
643075;;6
643100;;3
643125;;6
643150;;4
643175;;4
643200;;5
643225;;5
643250;;5
643275;;3
643300;;4
643325;;4
643350;;4
643375;;2
643400;;3
643425;;3
643450;;3
643475;;0
643500;;3
643525;;2
643550;;1
643575;;2
643600;;0
643625;;0
643650;;2
643675;;0
643700;;1
643725;;1
643750;;2
643775;;0
643800;;0
643825;;2
643850;;0
643875;;1
643900;;0
643925;;0
643950;;0
643975;;1
644000;;0
644025;;0
644050;;2
644075;;0
644100;;2
644125;;1
644150;;0
644175;;0
644200;;0
644225;;0
644250;;0
644275;;0
644300;;0
644325;;0
644350;;0
644375;;0
644400;;0
644425;;0
644450;;0
644475;;0
644500;;0
644525;;0
644550;;0
644575;;0
644600;;0
644625;;0
644650;;0
644675;;0
644700;;0
644725;;0
644750;;0
644775;;0
644800;;0
644825;;0
644850;;0
644875;;0
644900;;0
644925;;2
644950;;5
644975;;5
645000;;5
645025;;5
645050;;5
645075;;3
645100;;0
645125;;0
645150;;0
645175;;0
645200;;0
645225;;0
645250;;0
645275;;0
645300;;0
645325;;0
645350;;0
645375;;0
645400;;0
645425;;0
645450;;0
645475;;0
645500;;0
645525;;0
645550;;0
645575;;0
645600;;0
645625;;0
645650;;0
645675;;0
645700;;0
645725;;0
645750;;0
645775;;0
645800;;0
645825;;0
645850;;0
645875;;0
645900;;0
645925;;0
645950;;0
645975;;0
646000;;0
646025;;0
646050;;0
646075;;0
646100;;0
646125;;0
646150;;0
646175;;0
646200;;0
646225;;0
646250;;0
646275;;0
646300;;0
646325;;0
646350;;0
646375;;0
646400;;0
646425;;0
646450;;0
646475;;0
646500;;0
646525;;0
646550;;0
646575;;0
646600;;0
646625;;0
646650;;0
646675;;1
646700;;0
646725;;0
646750;;0
646775;;0
646800;;0
646825;;0
646850;;0
646875;;0
646900;;0
646925;;0
646950;;0
646975;;0
647000;;0
647025;;0
647050;;0
647075;;0
647100;;0
647125;;0
647150;;0
647175;;0
647200;;0
647225;;0
647250;;0
647275;;0
647300;;0
647325;;0
647350;;0
647375;;0
647400;;0
647425;;0
647450;;0
647475;;0
647500;;0
647525;;0
647550;;0
647575;;0
647600;;0
647625;;0
647650;;0
647675;;0
647700;;0
647725;;0
647750;;0
647775;;0
647800;;0
647825;;0
647850;;0
647875;;0
647900;;0
647925;;0
647950;;0
647975;;0
648000;;0
648025;;0
648050;;0
648075;;4
648100;;0
648125;;0
648150;;0
648175;;0
648200;;0
648225;;0
648250;;0
648275;;4
648300;;0
648325;;0
648350;;0
648375;;0
648400;;0
648425;;0
648450;;0
648475;;0
648500;;0
648525;;0
648550;;0
648575;;0
648600;;0
648625;;2
648650;;0
648675;;0
648700;;0
648725;;0
648750;;0
648775;;0
648800;;0
648825;;0
648850;;0
648875;;0
648900;;0
648925;;0
648950;;0
648975;;0
649000;;0
649025;;1
649050;;0
649075;;0
649100;;0
649125;;0
649150;;0
649175;;0
649200;;0
649225;;0
649250;;0
649275;;0
649300;;0
649325;;0
649350;;0
649375;;0
649400;;0
649425;;0
649450;;0
649475;;0
649500;;0
649525;;0
649550;;0
649575;;0
649600;;0
649625;;0
649650;;0
649675;;0
649700;;0
649725;;0
649750;;0
649775;;0
649800;;0
649825;;0
649850;;0
649875;;0
649900;;5
649925;;18
649950;;20
649975;;20
650000;;21
650025;;20
650050;;20
650075;;16
650100;;3
650125;;0
650150;;0
650175;;0
650200;;0
650225;;0
650250;;0
650275;;0
650300;;0
650325;;1
650350;;0
650375;;0
650400;;2
650425;;0
650450;;2
650475;;0
650500;;14
650525;;1
650550;;0
650575;;0
650600;;1
650625;;0
650650;;0
650675;;0
650700;;0
650725;;0
650750;;0
650775;;0
650800;;0
650825;;0
650850;;0
650875;;0
650900;;0
650925;;0
650950;;0
650975;;0
651000;;0
651025;;0
651050;;0
651075;;0
651100;;0
651125;;0
651150;;0
651175;;0
651200;;0
651225;;0
651250;;0
651275;;0
651300;;0
651325;;0
651350;;0
651375;;0
651400;;0
651425;;0
651450;;0
651475;;0
651500;;0
651525;;0
651550;;0
651575;;0
651600;;0
651625;;1
651650;;0
651675;;0
651700;;0
651725;;0
651750;;0
651775;;0
651800;;1
651825;;0
651850;;1
651875;;0
651900;;0
651925;;0
651950;;1
651975;;0
652000;;1
652025;;1
652050;;0
652075;;1
652100;;0
652125;;1
652150;;1
652175;;2
652200;;0
652225;;2
652250;;3
652275;;1
652300;;2
652325;;2
652350;;3
652375;;1
652400;;4
652425;;5
652450;;2
652475;;5
652500;;3
652525;;8
652550;;3
652575;;8
652600;;8
652625;;6
652650;;13
652675;;11
652700;;15
652725;;6
652750;;12
652775;;10
652800;;15
652825;;5
652850;;12
652875;;4
652900;;9
652925;;7
652950;;5
652975;;7
653000;;6
653025;;3
653050;;4
653075;;2
653100;;4
653125;;2
653150;;3
653175;;2
653200;;2
653225;;2
653250;;4
653275;;1
653300;;3
653325;;1
653350;;2
653375;;0
653400;;1
653425;;1
653450;;1
653475;;0
653500;;1
653525;;0
653550;;0
653575;;1
653600;;0
653625;;1
653650;;0
653675;;0
653700;;0
653725;;1
653750;;0
653775;;1
653800;;0
653825;;0
653850;;0
653875;;0
653900;;0
653925;;0
653950;;0
653975;;0
654000;;1
654025;;0
654050;;1
654075;;1
654100;;1
654125;;0
654150;;0
654175;;0
654200;;0
654225;;1
654250;;1
654275;;1
654300;;1
654325;;1
654350;;1
654375;;1
654400;;1
654425;;1
654450;;1
654475;;0
654500;;1
654525;;1
654550;;0
654575;;1
654600;;1
654625;;2
654650;;3
654675;;3
654700;;3
654725;;3
654750;;2
654775;;1
654800;;1
654825;;1
654850;;2
654875;;1
654900;;1
654925;;1
654950;;1
654975;;1
655000;;1
655025;;1
655050;;2
655075;;2
655100;;2
655125;;1
655150;;1
655175;;1
655200;;1
655225;;1
655250;;1
655275;;1
655300;;1
655325;;1
655350;;0
655375;;0
655400;;1
655425;;0
655450;;0
655475;;1
655500;;0
655525;;0
655550;;0
655575;;0
655600;;0
655625;;0
655650;;0
655675;;0
655700;;0
655725;;0
655750;;0
655775;;0
655800;;0
655825;;0
655850;;0
655875;;0
655900;;0
655925;;0
655950;;0
655975;;0
656000;;0
656025;;0
656050;;2
656075;;0
656100;;0
656125;;0
656150;;0
656175;;0
656200;;0
656225;;0
656250;;1
656275;;0
656300;;0
656325;;0
656350;;0
656375;;0
656400;;0
656425;;0
656450;;0
656475;;0
656500;;0
656525;;0
656550;;0
656575;;0
656600;;0
656625;;1
656650;;0
656675;;1
656700;;1
656725;;0
656750;;0
656775;;0
656800;;7
656825;;1
656850;;1
656875;;1
656900;;1
656925;;2
656950;;1
656975;;5
657000;;3
657025;;2
657050;;1
657075;;1
657100;;1
657125;;1
657150;;1
657175;;1
657200;;2
657225;;1
657250;;1
657275;;1
657300;;1
657325;;1
657350;;2
657375;;1
657400;;1
657425;;1
657450;;1
657475;;1
657500;;0
657525;;1
657550;;1
657575;;0
657600;;0
657625;;0
657650;;0
657675;;0
657700;;1
657725;;0
657750;;0
657775;;0
657800;;0
657825;;0
657850;;0
657875;;0
657900;;0
657925;;0
657950;;0
657975;;0
658000;;0
658025;;0
658050;;0
658075;;0
658100;;0
658125;;0
658150;;0
658175;;0
658200;;0
658225;;0
658250;;0
658275;;0
658300;;0
658325;;0
658350;;0
658375;;0
658400;;0
658425;;0
658450;;0
658475;;0
658500;;0
658525;;0
658550;;1
658575;;0
658600;;0
658625;;0
658650;;0
658675;;0
658700;;1
658725;;0
658750;;1
658775;;0
658800;;1
658825;;1
658850;;1
658875;;1
658900;;1
658925;;1
658950;;2
658975;;2
659000;;2
659025;;1
659050;;2
659075;;1
659100;;2
659125;;2
659150;;2
659175;;2
659200;;2
659225;;2
659250;;2
659275;;2
659300;;2
659325;;1
659350;;1
659375;;1
659400;;2
659425;;2
659450;;2
659475;;2
659500;;1
659525;;1
659550;;1
659575;;1
659600;;1
659625;;1
659650;;1
659675;;1
659700;;1
659725;;1
659750;;1
659775;;1
659800;;1
659825;;0
659850;;1
659875;;1
659900;;0
659925;;0
659950;;0
659975;;0
660000;;0
660025;;0
660050;;0
660075;;0
660100;;0
660125;;0
660150;;0
660175;;0
660200;;0
660225;;0
660250;;0
660275;;0
660300;;0
660325;;0
660350;;0
660375;;0
660400;;0
660425;;1
660450;;1
660475;;1
660500;;1
660525;;1
660550;;0
660575;;0
660600;;0
660625;;0
660650;;0
660675;;0
660700;;1
660725;;1
660750;;1
660775;;1
660800;;1
660825;;1
660850;;1
660875;;1
660900;;1
660925;;1
660950;;1
660975;;1
661000;;1
661025;;2
661050;;2
661075;;1
661100;;2
661125;;2
661150;;2
661175;;2
661200;;2
661225;;2
661250;;2
661275;;2
661300;;2
661325;;2
661350;;2
661375;;2
661400;;2
661425;;2
661450;;2
661475;;2
661500;;2
661525;;2
661550;;2
661575;;2
661600;;2
661625;;2
661650;;2
661675;;2
661700;;2
661725;;2
661750;;2
661775;;2
661800;;2
661825;;3
661850;;2
661875;;2
661900;;2
661925;;2
661950;;2
661975;;1
662000;;1
662025;;1
662050;;1
662075;;1
662100;;1
662125;;1
662150;;1
662175;;1
662200;;0
662225;;1
662250;;1
662275;;1
662300;;1
662325;;1
662350;;0
662375;;1
662400;;1
662425;;0
662450;;1
662475;;1
662500;;0
662525;;1
662550;;1
662575;;1
662600;;1
662625;;0
662650;;1
662675;;1
662700;;0
662725;;1
662750;;1
662775;;1
662800;;1
662825;;1
662850;;1
662875;;1
662900;;1
662925;;1
662950;;1
662975;;2
663000;;1
663025;;2
663050;;2
663075;;2
663100;;1
663125;;1
663150;;1
663175;;2
663200;;2
663225;;2
663250;;2
663275;;2
663300;;2
663325;;2
663350;;2
663375;;2
663400;;3
663425;;3
663450;;2
663475;;7
663500;;10
663525;;10
663550;;11
663575;;10
663600;;10
663625;;7
663650;;3
663675;;2
663700;;3
663725;;2
663750;;2
663775;;2
663800;;3
663825;;2
663850;;3
663875;;2
663900;;2
663925;;2
663950;;2
663975;;2
664000;;3
664025;;2
664050;;2
664075;;2
664100;;2
664125;;1
664150;;2
664175;;2
664200;;1
664225;;2
664250;;1
664275;;2
664300;;1
664325;;1
664350;;1
664375;;2
664400;;1
664425;;3
664450;;1
664475;;1
664500;;1
664525;;1
664550;;1
664575;;1
664600;;1
664625;;1
664650;;1
664675;;1
664700;;1
664725;;1
664750;;1
664775;;1
664800;;7
664825;;1
664850;;1
664875;;1
664900;;1
664925;;1
664950;;1
664975;;2
665000;;3
665025;;2
665050;;2
665075;;2
665100;;2
665125;;2
665150;;2
665175;;8
665200;;6
665225;;1
665250;;2
665275;;2
665300;;3
665325;;2
665350;;2
665375;;2
665400;;3
665425;;3
665450;;2
665475;;4
665500;;3
665525;;3
665550;;3
665575;;3
665600;;3
665625;;3
665650;;3
665675;;3
665700;;3
665725;;3
665750;;3
665775;;3
665800;;3
665825;;3
665850;;3
665875;;3
665900;;3
665925;;3
665950;;3
665975;;3
666000;;3
666025;;3
666050;;3
666075;;2
666100;;3
666125;;2
666150;;3
666175;;2
666200;;3
666225;;4
666250;;4
666275;;4
666300;;5
666325;;5
666350;;5
666375;;3
666400;;3
666425;;3
666450;;3
666475;;3
666500;;3
666525;;2
666550;;3
666575;;3
666600;;3
666625;;4
666650;;3
666675;;3
666700;;5
666725;;3
666750;;2
666775;;1
666800;;2
666825;;1
666850;;1
666875;;1
666900;;1
666925;;2
666950;;2
666975;;2
667000;;1
667025;;1
667050;;2
667075;;1
667100;;1
667125;;1
667150;;1
667175;;2
667200;;2
667225;;2
667250;;2
667275;;2
667300;;2
667325;;3
667350;;2
667375;;3
667400;;2
667425;;2
667450;;2
667475;;2
667500;;2
667525;;3
667550;;3
667575;;3
667600;;2
667625;;3
667650;;3
667675;;3
667700;;3
667725;;3
667750;;3
667775;;3
667800;;3
667825;;3
667850;;3
667875;;3
667900;;3
667925;;3
667950;;3
667975;;3
668000;;3
668025;;3
668050;;3
668075;;3
668100;;3
668125;;3
668150;;2
668175;;2
668200;;2
668225;;2
668250;;2
668275;;2
668300;;2
668325;;3
668350;;2
668375;;2
668400;;2
668425;;2
668450;;2
668475;;2
668500;;2
668525;;2
668550;;1
668575;;2
668600;;2
668625;;1
668650;;2
668675;;1
668700;;1
668725;;2
668750;;1
668775;;1
668800;;1
668825;;1
668850;;3
668875;;1
668900;;1
668925;;2
668950;;1
668975;;1
669000;;1
669025;;1
669050;;2
669075;;1
669100;;1
669125;;1
669150;;1
669175;;1
669200;;2
669225;;2
669250;;2
669275;;2
669300;;2
669325;;2
669350;;2
669375;;2
669400;;2
669425;;1
669450;;2
669475;;2
669500;;2
669525;;2
669550;;2
669575;;2
669600;;2
669625;;2
669650;;2
669675;;2
669700;;3
669725;;2
669750;;3
669775;;3
669800;;3
669825;;3
669850;;3
669875;;3
669900;;3
669925;;3
669950;;3
669975;;3
670000;;3
670025;;3
670050;;3
670075;;3
670100;;3
670125;;3
670150;;2
670175;;2
670200;;3
670225;;3
670250;;2
670275;;2
670300;;2
670325;;2
670350;;2
670375;;2
670400;;2
670425;;2
670450;;2
670475;;2
670500;;3
670525;;3
670550;;3
670575;;4
670600;;5
670625;;6
670650;;7
670675;;10
670700;;12
670725;;15
670750;;16
670775;;16
670800;;17
670825;;16
670850;;15
670875;;12
670900;;11
670925;;8
670950;;4
670975;;3
671000;;2
671025;;2
671050;;2
671075;;2
671100;;2
671125;;2
671150;;2
671175;;1
671200;;2
671225;;2
671250;;2
671275;;1
671300;;2
671325;;1
671350;;1
671375;;2
671400;;2
671425;;1
671450;;2
671475;;2
671500;;2
671525;;2
671550;;2
671575;;2
671600;;3
671625;;2
671650;;2
671675;;2
671700;;2
671725;;2
671750;;2
671775;;2
671800;;3
671825;;3
671850;;2
671875;;3
671900;;2
671925;;3
671950;;3
671975;;3
672000;;3
672025;;3
672050;;3
672075;;3
672100;;3
672125;;3
672150;;3
672175;;3
672200;;3
672225;;3
672250;;3
672275;;3
672300;;3
672325;;3
672350;;3
672375;;3
672400;;3
672425;;3
672450;;4
672475;;2
672500;;2
672525;;2
672550;;2
672575;;2
672600;;2
672625;;6
672650;;2
672675;;3
672700;;4
672725;;3
672750;;4
672775;;3
672800;;4
672825;;2
672850;;3
672875;;1
672900;;2
672925;;2
672950;;2
672975;;2
673000;;2
673025;;2
673050;;2
673075;;2
673100;;2
673125;;2
673150;;2
673175;;2
673200;;2
673225;;2
673250;;2
673275;;5
673300;;2
673325;;2
673350;;1
673375;;2
673400;;2
673425;;2
673450;;2
673475;;2
673500;;2
673525;;9
673550;;2
673575;;8
673600;;2
673625;;2
673650;;2
673675;;2
673700;;2
673725;;2
673750;;5
673775;;2
673800;;2
673825;;3
673850;;2
673875;;3
673900;;2
673925;;6
673950;;2
673975;;3
674000;;3
674025;;2
674050;;3
674075;;2
674100;;3
674125;;3
674150;;3
674175;;4
674200;;3
674225;;3
674250;;4
674275;;3
674300;;3
674325;;3
674350;;4
674375;;4
674400;;5
674425;;5
674450;;4
674475;;5
674500;;5
674525;;6
674550;;7
674575;;6
674600;;7
674625;;8
674650;;7
674675;;9
674700;;7
674725;;9
674750;;8
674775;;9
674800;;9
674825;;10
674850;;11
674875;;8
674900;;11
674925;;11
674950;;13
674975;;12
675000;;14
675025;;14
675050;;16
675075;;18
675100;;19
675125;;20
675150;;23
675175;;26
675200;;32
675225;;37
675250;;39
675275;;39
675300;;39
675325;;39
675350;;38
675375;;32
675400;;27
675425;;22
675450;;19
675475;;19
675500;;17
675525;;15
675550;;14
675575;;15
675600;;11
675625;;12
675650;;12
675675;;11
675700;;11
675725;;11
675750;;12
675775;;10
675800;;11
675825;;9
675850;;10
675875;;10
675900;;9
675925;;9
675950;;8
675975;;9
676000;;8
676025;;8
676050;;7
676075;;7
676100;;4
676125;;6
676150;;4
676175;;6
676200;;4
676225;;6
676250;;5
676275;;5
676300;;4
676325;;5
676350;;4
676375;;5
676400;;6
676425;;5
676450;;4
676475;;5
676500;;5
676525;;4
676550;;5
676575;;5
676600;;4
676625;;5
676650;;5
676675;;5
676700;;4
676725;;3
676750;;3
676775;;4
676800;;3
676825;;4
676850;;3
676875;;4
676900;;3
676925;;3
676950;;3
676975;;3
677000;;3
677025;;2
677050;;2
677075;;2
677100;;3
677125;;3
677150;;3
677175;;2
677200;;3
677225;;2
677250;;2
677275;;3
677300;;3
677325;;2
677350;;2
677375;;2
677400;;2
677425;;2
677450;;2
677475;;2
677500;;2
677525;;2
677550;;2
677575;;2
677600;;2
677625;;3
677650;;3
677675;;3
677700;;3
677725;;3
677750;;3
677775;;2
677800;;2
677825;;2
677850;;2
677875;;2
677900;;2
677925;;2
677950;;2
677975;;2
678000;;3
678025;;3
678050;;2
678075;;2
678100;;2
678125;;3
678150;;2
678175;;2
678200;;2
678225;;2
678250;;3
678275;;3
678300;;2
678325;;3
678350;;2
678375;;3
678400;;3
678425;;3
678450;;3
678475;;3
678500;;3
678525;;3
678550;;3
678575;;3
678600;;3
678625;;3
678650;;4
678675;;3
678700;;4
678725;;3
678750;;6
678775;;4
678800;;8
678825;;5
678850;;10
678875;;5
678900;;9
678925;;5
678950;;7
678975;;4
679000;;5
679025;;3
679050;;4
679075;;3
679100;;3
679125;;3
679150;;3
679175;;3
679200;;2
679225;;2
679250;;2
679275;;2
679300;;2
679325;;2
679350;;2
679375;;2
679400;;2
679425;;3
679450;;3
679475;;3
679500;;3
679525;;3
679550;;3
679575;;5
679600;;5
679625;;6
679650;;7
679675;;8
679700;;21
679725;;30
679750;;32
679775;;32
679800;;32
679825;;32
679850;;31
679875;;22
679900;;11
679925;;8
679950;;6
679975;;3
680000;;3
680025;;3
680050;;3
680075;;3
680100;;4
680125;;3
680150;;2
680175;;2
680200;;2
680225;;3
680250;;3
680275;;2
680300;;2
680325;;2
680350;;2
680375;;2
680400;;3
680425;;2
680450;;3
680475;;2
680500;;3
680525;;3
680550;;2
680575;;2
680600;;3
680625;;2
680650;;2
680675;;2
680700;;2
680725;;3
680750;;2
680775;;2
680800;;2
680825;;2
680850;;2
680875;;3
680900;;2
680925;;3
680950;;2
680975;;2
681000;;2
681025;;3
681050;;3
681075;;3
681100;;2
681125;;7
681150;;2
681175;;1
681200;;9
681225;;2
681250;;2
681275;;2
681300;;2
681325;;2
681350;;12
681375;;2
681400;;2
681425;;1
681450;;2
681475;;1
681500;;2
681525;;3
681550;;2
681575;;2
681600;;2
681625;;2
681650;;2
681675;;2
681700;;5
681725;;2
681750;;1
681775;;2
681800;;1
681825;;1
681850;;2
681875;;5
681900;;1
681925;;14
681950;;3
681975;;2
682000;;3
682025;;3
682050;;4
682075;;3
682100;;5
682125;;2
682150;;4
682175;;2
682200;;4
682225;;3
682250;;3
682275;;3
682300;;3
682325;;5
682350;;3
682375;;3
682400;;15
682425;;4
682450;;15
682475;;3
682500;;6
682525;;3
682550;;4
682575;;5
682600;;5
682625;;5
682650;;5
682675;;3
682700;;2
682725;;3
682750;;2
682775;;2
682800;;2
682825;;2
682850;;2
682875;;2
682900;;2
682925;;2
682950;;2
682975;;2
683000;;2
683025;;3
683050;;2
683075;;2
683100;;1
683125;;2
683150;;2
683175;;2
683200;;2
683225;;3
683250;;2
683275;;3
683300;;3
683325;;3
683350;;3
683375;;3
683400;;3
683425;;2
683450;;2
683475;;2
683500;;2
683525;;2
683550;;2
683575;;1
683600;;2
683625;;1
683650;;2
683675;;1
683700;;2
683725;;1
683750;;2
683775;;1
683800;;2
683825;;1
683850;;2
683875;;2
683900;;1
683925;;2
683950;;1
683975;;2
684000;;2
684025;;2
684050;;1
684075;;2
684100;;1
684125;;2
684150;;1
684175;;3
684200;;3
684225;;5
684250;;7
684275;;5
684300;;7
684325;;5
684350;;6
684375;;5
684400;;4
684425;;2
684450;;2
684475;;2
684500;;1
684525;;1
684550;;1
684575;;2
684600;;1
684625;;2
684650;;1
684675;;2
684700;;1
684725;;2
684750;;1
684775;;2
684800;;1
684825;;2
684850;;1
684875;;2
684900;;2
684925;;2
684950;;2
684975;;2
685000;;2
685025;;3
685050;;3
685075;;2
685100;;3
685125;;2
685150;;2
685175;;1
685200;;3
685225;;2
685250;;1
685275;;2
685300;;1
685325;;2
685350;;2
685375;;2
685400;;2
685425;;2
685450;;2
685475;;2
685500;;2
685525;;1
685550;;2
685575;;1
685600;;2
685625;;1
685650;;2
685675;;2
685700;;2
685725;;2
685750;;2
685775;;1
685800;;1
685825;;1
685850;;0
685875;;2
685900;;1
685925;;2
685950;;0
685975;;2
686000;;1
686025;;0
686050;;2
686075;;1
686100;;2
686125;;2
686150;;2
686175;;2
686200;;2
686225;;0
686250;;2
686275;;0
686300;;2
686325;;0
686350;;2
686375;;1
686400;;1
686425;;1
686450;;2
686475;;1
686500;;2
686525;;1
686550;;1
686575;;2
686600;;1
686625;;1
686650;;2
686675;;1
686700;;1
686725;;2
686750;;2
686775;;1
686800;;2
686825;;1
686850;;2
686875;;2
686900;;1
686925;;1
686950;;2
686975;;2
687000;;0
687025;;2
687050;;1
687075;;2
687100;;0
687125;;2
687150;;2
687175;;2
687200;;2
687225;;2
687250;;1
687275;;2
687300;;1
687325;;2
687350;;2
687375;;1
687400;;2
687425;;2
687450;;1
687475;;0
687500;;1
687525;;1
687550;;2
687575;;2
687600;;1
687625;;2
687650;;1
687675;;2
687700;;2
687725;;0
687750;;1
687775;;1
687800;;2
687825;;1
687850;;2
687875;;2
687900;;2
687925;;12
687950;;15
687975;;15
688000;;15
688025;;15
688050;;15
688075;;12
688100;;6
688125;;6
688150;;6
688175;;5
688200;;5
688225;;1
688250;;2
688275;;1
688300;;1
688325;;1
688350;;1
688375;;2
688400;;1
688425;;2
688450;;2
688475;;2
688500;;2
688525;;2
688550;;1
688575;;2
688600;;2
688625;;1
688650;;2
688675;;3
688700;;2
688725;;3
688750;;2
688775;;1
688800;;2
688825;;2
688850;;2
688875;;2
688900;;2
688925;;3
688950;;3
688975;;3
689000;;3
689025;;4
689050;;2
689075;;0
689100;;2
689125;;0
689150;;2
689175;;0
689200;;2
689225;;3
689250;;2
689275;;2
689300;;0
689325;;2
689350;;0
689375;;2
689400;;2
689425;;2
689450;;2
689475;;2
689500;;2
689525;;3
689550;;2
689575;;2
689600;;3
689625;;2
689650;;2
689675;;1
689700;;2
689725;;0
689750;;0
689775;;2
689800;;0
689825;;2
689850;;1
689875;;2
689900;;1
689925;;2
689950;;0
689975;;2
690000;;0
690025;;2
690050;;1
690075;;2
690100;;3
690125;;3
690150;;2
690175;;2
690200;;1
690225;;2
690250;;0
690275;;2
690300;;0
690325;;3
690350;;0
690375;;3
690400;;3
690425;;3
690450;;2
690475;;2
690500;;2
690525;;2
690550;;2
690575;;0
690600;;3
690625;;1
690650;;3
690675;;3
690700;;3
690725;;3
690750;;3
690775;;0
690800;;2
690825;;3
690850;;0
690875;;3
690900;;2
690925;;4
690950;;3
690975;;3
691000;;3
691025;;1
691050;;0
691075;;3
691100;;3
691125;;4
691150;;5
691175;;5
691200;;5
691225;;5
691250;;2
691275;;4
691300;;0
691325;;3
691350;;1
691375;;3
691400;;3
691425;;4
691450;;4
691475;;4
691500;;4
691525;;3
691550;;3
691575;;1
691600;;3
691625;;2
691650;;3
691675;;3
691700;;4
691725;;4
691750;;4
691775;;2
691800;;4
691825;;3
691850;;4
691875;;2
691900;;4
691925;;6
691950;;4
691975;;8
692000;;5
692025;;8
692050;;5
692075;;10
692100;;7
692125;;10
692150;;9
692175;;12
692200;;10
692225;;13
692250;;11
692275;;11
692300;;13
692325;;8
692350;;13
692375;;8
692400;;12
692425;;5
692450;;5
692475;;11
692500;;5
692525;;10
692550;;5
692575;;9
692600;;7
692625;;8
692650;;5
692675;;7
692700;;4
692725;;2
692750;;5
692775;;6
692800;;4
692825;;5
692850;;4
692875;;4
692900;;3
692925;;3
692950;;1
692975;;3
693000;;2
693025;;3
693050;;0
693075;;4
693100;;3
693125;;5
693150;;3
693175;;4
693200;;3
693225;;3
693250;;2
693275;;3
693300;;3
693325;;3
693350;;3
693375;;3
693400;;1
693425;;3
693450;;0
693475;;2
693500;;0
693525;;2
693550;;2
693575;;3
693600;;0
693625;;3
693650;;0
693675;;3
693700;;3
693725;;3
693750;;2
693775;;0
693800;;2
693825;;0
693850;;2
693875;;2
693900;;3
693925;;2
693950;;3
693975;;2
694000;;3
694025;;0
694050;;2
694075;;1
694100;;2
694125;;2
694150;;2
694175;;3
694200;;3
694225;;1
694250;;3
694275;;3
694300;;1
694325;;0
694350;;2
694375;;0
694400;;2
694425;;0
694450;;2
694475;;0
694500;;2
694525;;0
694550;;3
694575;;2
694600;;3
694625;;2
694650;;2
694675;;3
694700;;2
694725;;2
694750;;2
694775;;2
694800;;2
694825;;1
694850;;0
694875;;1
694900;;0
694925;;0
694950;;1
694975;;0
695000;;0
695025;;2
695050;;1
695075;;1
695100;;0
695125;;1
695150;;1
695175;;0
695200;;0
695225;;1
695250;;0
695275;;0
695300;;1
695325;;0
695350;;1
695375;;0
695400;;1
695425;;0
695450;;1
695475;;0
695500;;1
695525;;0
695550;;1
695575;;0
695600;;1
695625;;1
695650;;0
695675;;1
695700;;1
695725;;0
695750;;0
695775;;0
695800;;0
695825;;1
695850;;0
695875;;1
695900;;0
695925;;2
695950;;1
695975;;2
696000;;1
696025;;2
696050;;1
696075;;1
696100;;1
696125;;1
696150;;0
696175;;1
696200;;0
696225;;0
696250;;0
696275;;0
696300;;0
696325;;0
696350;;0
696375;;0
696400;;0
696425;;1
696450;;0
696475;;0
696500;;0
696525;;0
696550;;0
696575;;0
696600;;0
696625;;0
696650;;0
696675;;1
696700;;1
696725;;0
696750;;0
696775;;0
696800;;0
696825;;0
696850;;0
696875;;0
696900;;0
696925;;0
696950;;0
696975;;0
697000;;0
697025;;1
697050;;0
697075;;0
697100;;0
697125;;0
697150;;0
697175;;0
697200;;0
697225;;0
697250;;1
697275;;2
697300;;2
697325;;2
697350;;2
697375;;2
697400;;2
697425;;2
697450;;0
697475;;1
697500;;0
697525;;1
697550;;0
697575;;0
697600;;2
697625;;0
697650;;0
697675;;0
697700;;0
697725;;2
697750;;0
697775;;1
697800;;0
697825;;0
697850;;0
697875;;0
697900;;0
697925;;0
697950;;0
697975;;0
698000;;0
698025;;1
698050;;1
698075;;0
698100;;0
698125;;0
698150;;0
698175;;0
698200;;8
698225;;0
698250;;0
698275;;0
698300;;0
698325;;0
698350;;0
698375;;8
698400;;1
698425;;0
698450;;0
698475;;0
698500;;0
698525;;0
698550;;4
698575;;0
698600;;0
698625;;0
698650;;0
698675;;0
698700;;0
698725;;2
698750;;0
698775;;0
698800;;0
698825;;0
698850;;0
698875;;0
698900;;2
698925;;0
698950;;0
698975;;0
699000;;0
699025;;0
699050;;0
699075;;1
699100;;0
699125;;0
699150;;0
699175;;0
699200;;0
699225;;0
699250;;0
699275;;0
699300;;0
699325;;0
699350;;0
699375;;0
699400;;0
699425;;0
699450;;0
699475;;0
699500;;0
699525;;0
699550;;0
699575;;0
699600;;0
699625;;0
699650;;0
699675;;0
699700;;0
699725;;0
699750;;0
699775;;0
699800;;0
699825;;0
699850;;0
699875;;0
699900;;0
699925;;3
699950;;5
699975;;5
700000;;4
700025;;5
700050;;3
700075;;1
700100;;0
700125;;0
700150;;0
700175;;0
700200;;0
700225;;1
700250;;2
700275;;0
700300;;1
700325;;1
700350;;1
700375;;2
700400;;2
700425;;2
700450;;2
700475;;3
700500;;0
700525;;0
700550;;0
700575;;0
700600;;0
700625;;0
700650;;0
700675;;0
700700;;0
700725;;0
700750;;0
700775;;0
700800;;0
700825;;0
700850;;0
700875;;0
700900;;0
700925;;0
700950;;0
700975;;0
701000;;0
701025;;0
701050;;0
701075;;0
701100;;0
701125;;0
701150;;0
701175;;0
701200;;0
701225;;0
701250;;0
701275;;0
701300;;0
701325;;0
701350;;0
701375;;0
701400;;0
701425;;0
701450;;0
701475;;0
701500;;0
701525;;0
701550;;0
701575;;0
701600;;0
701625;;0
701650;;0
701675;;0
701700;;0
701725;;0
701750;;0
701775;;0
701800;;0
701825;;0
701850;;0
701875;;0
701900;;0
701925;;0
701950;;0
701975;;0
702000;;0
702025;;0
702050;;0
702075;;0
702100;;0
702125;;0
702150;;0
702175;;0
702200;;0
702225;;0
702250;;0
702275;;0
702300;;0
702325;;0
702350;;0
702375;;0
702400;;0
702425;;0
702450;;0
702475;;0
702500;;0
702525;;0
702550;;0
702575;;0
702600;;0
702625;;0
702650;;0
702675;;0
702700;;0
702725;;0
702750;;0
702775;;0
702800;;0
702825;;0
702850;;0
702875;;0
702900;;0
702925;;0
702950;;0
702975;;0
703000;;0
703025;;0
703050;;0
703075;;0
703100;;0
703125;;0
703150;;0
703175;;0
703200;;0
703225;;0
703250;;0
703275;;0
703300;;0
703325;;0
703350;;0
703375;;0
703400;;0
703425;;0
703450;;1
703475;;2
703500;;1
703525;;1
703550;;1
703575;;0
703600;;0
703625;;0
703650;;0
703675;;0
703700;;0
703725;;0
703750;;0
703775;;0
703800;;0
703825;;0
703850;;0
703875;;0
703900;;0
703925;;0
703950;;2
703975;;1
704000;;9
704025;;3
704050;;4
704075;;5
704100;;4
704125;;4
704150;;6
704175;;3
704200;;3
704225;;2
704250;;2
704275;;1
704300;;3
704325;;1
704350;;2
704375;;1
704400;;3
704425;;3
704450;;3
704475;;3
704500;;3
704525;;4
704550;;3
704575;;3
704600;;3
704625;;3
704650;;4
704675;;2
704700;;5
704725;;2
704750;;3
704775;;3
704800;;2
704825;;2
704850;;1
704875;;2
704900;;0
704925;;2
704950;;0
704975;;1
705000;;0
705025;;0
705050;;0
705075;;0
705100;;0
705125;;0
705150;;0
705175;;0
705200;;0
705225;;0
705250;;0
705275;;0
705300;;0
705325;;0
705350;;0
705375;;0
705400;;0
705425;;0
705450;;0
705475;;2
705500;;0
705525;;0
705550;;0
705575;;0
705600;;0
705625;;0
705650;;0
705675;;0
705700;;0
705725;;0
705750;;0
705775;;0
705800;;0
705825;;0
705850;;0
705875;;0
705900;;0
705925;;1
705950;;1
705975;;0
706000;;0
706025;;0
706050;;0
706075;;0
706100;;0
706125;;0
706150;;0
706175;;0
706200;;0
706225;;0
706250;;0
706275;;0
706300;;0
706325;;0
706350;;0
706375;;0
706400;;0
706425;;0
706450;;0
706475;;2
706500;;2
706525;;3
706550;;3
706575;;3
706600;;4
706625;;2
706650;;0
706675;;0
706700;;0
706725;;0
706750;;0
706775;;2
706800;;0
706825;;0
706850;;0
706875;;0
706900;;0
706925;;0
706950;;0
706975;;0
707000;;0
707025;;0
707050;;0
707075;;0
707100;;0
707125;;0
707150;;0
707175;;0
707200;;0
707225;;0
707250;;0
707275;;0
707300;;0
707325;;0
707350;;0
707375;;0
707400;;1
707425;;7
707450;;0
707475;;0
707500;;0
707525;;0
707550;;0
707575;;0
707600;;0
707625;;0
707650;;0
707675;;0
707700;;0
707725;;0
707750;;1
707775;;0
707800;;0
707825;;0
707850;;0
707875;;0
707900;;0
707925;;0
707950;;0
707975;;0
708000;;0
708025;;0
708050;;0
708075;;0
708100;;0
708125;;0
708150;;0
708175;;0
708200;;0
708225;;0
708250;;0
708275;;0
708300;;0
708325;;0
708350;;0
708375;;0
708400;;0
708425;;0
708450;;0
708475;;0
708500;;0
708525;;0
708550;;0
708575;;0
708600;;0
708625;;0
708650;;0
708675;;0
708700;;0
708725;;0
708750;;0
708775;;0
708800;;0
708825;;0
708850;;0
708875;;0
708900;;0
708925;;0
708950;;0
708975;;0
709000;;0
709025;;0
709050;;0
709075;;0
709100;;0
709125;;0
709150;;0
709175;;0
709200;;0
709225;;0
709250;;0
709275;;0
709300;;0
709325;;0
709350;;0
709375;;0
709400;;5
709425;;0
709450;;1
709475;;1
709500;;2
709525;;1
709550;;2
709575;;2
709600;;1
709625;;2
709650;;2
709675;;2
709700;;1
709725;;0
709750;;0
709775;;0
709800;;0
709825;;0
709850;;0
709875;;0
709900;;0
709925;;0
709950;;0
709975;;0
710000;;0
710025;;0
710050;;0
710075;;0
710100;;0
710125;;1
710150;;0
710175;;0
710200;;0
710225;;0
710250;;0
710275;;0
710300;;0
710325;;0
710350;;0
710375;;0
710400;;0
710425;;0
710450;;0
710475;;2
710500;;0
710525;;0
710550;;0
710575;;0
710600;;0
710625;;0
710650;;0
710675;;0
710700;;0
710725;;0
710750;;3
710775;;0
710800;;0
710825;;0
710850;;0
710875;;0
710900;;7
710925;;2
710950;;0
710975;;0
711000;;0
711025;;0
711050;;0
711075;;0
711100;;0
711125;;0
711150;;0
711175;;0
711200;;0
711225;;0
711250;;0
711275;;0
711300;;0
711325;;0
711350;;0
711375;;0
711400;;0
711425;;0
711450;;0
711475;;0
711500;;0
711525;;1
711550;;1
711575;;1
711600;;0
711625;;0
711650;;0
711675;;0
711700;;0
711725;;0
711750;;0
711775;;0
711800;;0
711825;;0
711850;;0
711875;;0
711900;;0
711925;;0
711950;;1
711975;;0
712000;;1
712025;;0
712050;;1
712075;;0
712100;;2
712125;;1
712150;;1
712175;;0
712200;;0
712225;;0
712250;;0
712275;;0
712300;;0
712325;;0
712350;;0
712375;;0
712400;;0
712425;;0
712450;;0
712475;;0
712500;;0
712525;;0
712550;;0
712575;;0
712600;;0
712625;;8
712650;;12
712675;;13
712700;;13
712725;;13
712750;;13
712775;;10
712800;;0
712825;;0
712850;;0
712875;;0
712900;;0
712925;;0
712950;;0
712975;;0
713000;;0
713025;;0
713050;;0
713075;;0
713100;;0
713125;;0
713150;;0
713175;;0
713200;;0
713225;;0
713250;;0
713275;;0
713300;;0
713325;;0
713350;;0
713375;;0
713400;;0
713425;;0
713450;;0
713475;;0
713500;;0
713525;;0
713550;;0
713575;;0
713600;;0
713625;;0
713650;;0
713675;;0
713700;;0
713725;;0
713750;;0
713775;;0
713800;;0
